,아파트,거리,구분
0,DMC두산위브,780.094619337919,간접역세권
1,DMC래미안e편한세상,624.5373896767974,간접역세권
2,DMC래미안클라시스,810.5379383694697,간접역세권
3,DMC롯데캐슬더퍼스트,545.093119444888,간접역세권
4,DMC마포청구아파트,299.3712676039075,역세권
5,DMC문영퀸즈파크,448.9434701102189,역세권
6,DMC센트럴아이파크 ,1006.0820282723475,간접역세권
7,DMC센트레빌,832.5433938217105,간접역세권
8,DMC아이파크,810.7991864903499,간접역세권
9,DMC에코자이,964.9517673516679,간접역세권
10,DMC우방,607.8690217621012,간접역세권
11,DMC진흥아파트,651.392277678887,간접역세권
12,DMC청구,499.08207379437954,역세권
13,DMC파크뷰자이아파트,872.0974662655417,간접역세권
14,DMC휴먼빌,754.8827778795418,간접역세권
15,LG개포자이아파트,401.8960057547078,역세권
16,LG신도림자이,579.1559598949971,간접역세권
17,LG한강자이,383.73907423682437,역세권
18,LH강남3단지,1551.5495669871773,역세권아님
19,LH강남아이파크아파트,1476.3354462891189,간접역세권
20,LH강남힐스테이트,1398.176048104363,간접역세권
21,LH서초4단지,2878.512832480724,역세권아님
22,LH서초5단지,2907.3504906428434,역세권아님
23,LIG서울역리가,512.9139546705261,간접역세권
24,SH공사대치1단지,381.464576757257,역세권
25,SH성산아파트,187.9258390439109,초역세권
26,SH황학롯데캐슬베네치아,530.5934430775719,간접역세권
27,SK북한산시티아파트,355.3295871984275,역세권
28,SK북한산시티임대,155.36812283650985,초역세권
29,e편한세상 강동에코포레 아파트,669.6110158255243,간접역세권
30,e편한세상 문래 에듀플라츠,681.0013212359927,간접역세권
31,e편한세상 염창,449.78808480178844,역세권
32,e편한세상 영등포 아델포레,672.8448126434865,간접역세권
33,e편한세상금호파크힐스,116.49494065188847,초역세권
34,e편한세상독산더타워아파트,618.1110775945614,간접역세권
35,e편한세상마포리버파크,332.9279080941823,역세권
36,e편한세상서울대입구 3단지,537.7705990962091,간접역세권
37,e편한세상서울대입구1단지아파트,444.27383690339065,역세권
38,e편한세상서울대입구아파트,505.2340807968423,간접역세권
39,e편한세상신촌아파트,147.71359606496438,초역세권
40,e편한세상화랑대아파트  ,407.3413680149556,역세권
41,가락1차현대아파트 ,595.7001213496177,간접역세권
42,가락2차쌍용아파트,487.92524140128836,역세권
43,가락극동,323.880097495305,역세권
44,가락금호,457.1288867609038,역세권
45,가락대림아파트,590.9669501081642,간접역세권
46,가락동부센트레빌,415.43695177576296,역세권
47,가락래미안파크팰리스,239.32662569919322,초역세권
48,가락미륭아파트,428.50804662605435,역세권
49,가락삼익맨션,641.4993129455972,간접역세권
50,가락상아1차,71.37970111549453,초역세권
51,가락쌍용1차,358.2000115366101,역세권
52,가락우성1차,521.9802046009925,간접역세권
53,가락우성2차아파트,457.0217564722828,역세권
54,가락우창,211.0462304285061,초역세권
55,가락프라자,693.6316063939493,간접역세권
56,가락한신,431.16931576432125,역세권
57,가락현대5차,369.84017289009836,역세권
58,가락현대6차,223.29169976098777,초역세권
59,가산두산위브,939.5018291616374,간접역세권
60,가산삼익아파트,773.7600045856752,간접역세권
61,가양2단지,628.8075393193901,간접역세권
62,가양3단지(강변),439.61484110581915,역세권
63,가양4단지,504.12290936767,간접역세권
64,가양5단지,255.68529786451438,역세권
65,가양6단지,474.20310059765876,역세권
66,가양9-1,299.5338918498414,역세권
67,가양9-2,204.1280849870891,초역세권
68,가양강나루현대,231.79876246844438,초역세권
69,가양대림경동,563.0236222451994,간접역세권
70,가양도시개발공사8단지(임대),244.13452267861828,초역세권
71,가양동신대아,485.5235969263595,역세권
72,가양우성,108.24103710226004,초역세권
73,가양일신건영휴먼빌,87.48329258079059,초역세권
74,가양중앙하이츠,719.0207697766225,간접역세권
75,가양한보구암,674.0351249124487,간접역세권
76,갈현1단지e-편한세상,962.1038073700857,간접역세권
77,갈현미미,657.6685447653649,간접역세권
78,갈현한솔아파트,973.2851820923701,간접역세권
79,갈현현대1차,688.187285347999,간접역세권
80,갈현현대아파트,1039.6385769740164,간접역세권
81,강남더샵포레스트,918.8360386444211,간접역세권
82,강남데시앙파크,2496.41836870346,역세권아님
83,강남데시앙포레,670.8789385774774,간접역세권
84,강남신동아파밀리에1단지,2419.0971319401474,역세권아님
85,강남신동아파밀리에2단지,2207.884065003498,역세권아님
86,강남엘에이치1단지,2118.3938225392485,역세권아님
87,강남한신휴플러스 6단지,1762.0714616787693,역세권아님
88,강남한신휴플러스 8단지,1567.1411683506453,역세권아님
89,강남한양수자인,1316.0893011824508,간접역세권
90,강동 리버스트 7단지 아파트,1671.7573812297028,역세권아님
91,강동롯데캐슬퍼스트아파트,590.1082103203888,간접역세권
92,강동리버스트4단지,1864.4950573832043,역세권아님
93,강동리엔파크 14단지 아파트,379.8556499064272,역세권
94,강동리엔파크11단지,379.8556499064272,역세권
95,강동현대홈타운,742.1188529422923,간접역세권
96,강변건영,362.7688453471104,역세권
97,강변그대가리버뷰,424.48896829451127,역세권
98,강변아파트,569.8153525417428,간접역세권
99,강변에스케이뷰,413.2909591574286,역세권
100,강변힐스테이트,449.30405383079056,역세권
101,강서센트레빌4차,343.532698988189,역세권
102,강서쌍용예가아파트,449.26155187555275,역세권
103,강서월드메르디앙,517.10278293314,간접역세권
104,강서한강자이,635.2056870735616,간접역세권
105,강서힐스테이트아파트,302.6706000815872,역세권
106,강일리버파크10단지,1228.8738984617871,간접역세권
107,강일리버파크11단지,1301.7535681111283,간접역세권
108,강일리버파크1단지,1232.7082745733844,간접역세권
109,강일리버파크2단지,1612.551556862921,역세권아님
110,강일리버파크3단지,1243.1063891852887,간접역세권
111,강일리버파크4단지,1464.1345686052334,간접역세권
112,강일리버파크5단지,1622.1673794282528,역세권아님
113,강일리버파크6단지,1166.9643119243174,간접역세권
114,강일리버파크7단지,1433.5828973742273,간접역세권
115,강일리버파크8단지,976.2616190135403,간접역세권
116,강일리버파크9단지,1022.7295328256039,간접역세권
117,개나리SKVIEW,344.42157337276905,역세권
118,개봉 푸르지오,592.5935738873652,간접역세권
119,개봉거성푸르뫼1차,732.7389077036883,간접역세권
120,개봉거성푸르뫼2차아피트,640.9663159871652,간접역세권
121,개봉건영,845.997243523199,간접역세권
122,개봉동아이파크,537.3007234514557,간접역세권
123,개봉동현대아파트,279.0082173934878,역세권
124,개봉두산,533.6873191421437,간접역세권
125,개봉삼호아파트,127.43711658942259,초역세권
126,개봉삼환,236.9040431939251,초역세권
127,개봉상우,261.4978939449051,역세권
128,개봉영화,212.94817313960607,초역세권
129,개봉한마을,338.8943775844047,역세권
130,개봉한진,1134.7268406636065,간접역세권
131,개봉현대홈타운2단지,385.07523050432394,역세권
132,개포1차2차우성,399.58305983558387,역세권
133,개포2차 현대아파트,634.5392062688827,간접역세권
134,개포4차우성,325.64906147828736,역세권
135,개포4차현대아파트,345.9692319413688,역세권
136,개포7차우성,172.16540349875254,초역세권
137,개포경남아파트,536.0755016143103,간접역세권
138,개포대치2단지,986.9784130020213,간접역세권
139,개포래미안포레스트,1022.3462968081432,간접역세권
140,개포우성3차,413.7462136626904,역세권
141,개포우성5차,129.8164549260529,초역세권
142,개포우성8차,334.1686189410222,역세권
143,개포우성9차,264.3732603275525,역세권
144,개포주공1단지,760.7916068749528,간접역세권
145,개포주공4단지,564.3561750770652,간접역세권
146,개포주공5단지,221.6009729120539,초역세권
147,개포주공6단지,250.32281557250562,역세권
148,개포주공7단지,211.59108714199746,초역세권
149,개포한신,271.99342549260285,역세권
150,개포현대1차,605.7734604418142,간접역세권
151,개포현대3차,249.08385724433205,초역세권
152,개화산동부센트레빌,97.79461893822966,초역세권
153,거여1단지,242.6628958640963,초역세권
154,거여3단지,444.48962328696956,역세권
155,거여4단지,429.8477987743364,역세권
156,거여5단지,479.1712921783804,역세권
157,거여6단지,546.4849012768628,간접역세권
158,거여우방,176.3543049150491,초역세권
159,거여현대1차,310.0086974180822,역세권
160,거여현대2차,261.8496185251472,역세권
161,거여현대3차,428.26227433369087,역세권
162,건영3차아파트,1699.1826863321753,역세권아님
163,건영월드컵,330.04140134510806,역세권
164,경남아너스빌,465.89730920713777,역세권
165,경동윈츠리버,355.2363467776021,역세권
166,경희궁 롯데캐슬아파트,80.92524898898083,초역세권
167,경희궁의아침3단지,270.59635172195476,역세권
168,경희궁자이1단지(임대아파트),649.0457844825962,간접역세권
169,고덕 그라시움 아파트,461.86305427289346,역세권
170,고덕 아르테온 아파트,259.16402831852366,역세권
171,고덕롯데캐슬베네루체,818.0901790867749,간접역세권
172,고덕리엔파크1단지,710.1959908883957,간접역세권
173,고덕리엔파크2단지,679.7638776758489,간접역세권
174,고덕리엔파크3단지,947.2488790244337,간접역세권
175,고덕센트럴 아이파크,499.8866763824106,역세권
176,고덕숲아이파크아파트,418.416654530513,역세권
177,고덕아남,726.4007967904696,간접역세권
178,고덕아이파크아파트,453.05699972581976,역세권
179,고덕자이 아파트,616.3807129593955,간접역세권
180,고덕주공6단지,531.8826613381424,간접역세권
181,고덕주공9단지,641.2732090891055,간접역세권
182,고덕현대,246.06049933826895,초역세권
183,고덕현대아파트,502.8958834782783,간접역세권
184,고척LIG리가아파트,774.4205497577958,간접역세권
185,고척경남1차,834.7810083270599,간접역세권
186,고척경남2차,1095.8899563587588,간접역세권
187,고척대우,979.9815947076545,간접역세권
188,고척동센츄리,938.7810165925179,간접역세권
189,고척동아한신,914.2937713588813,간접역세권
190,고척마젤란,913.4887691013222,간접역세권
191,고척벽산베스트블루밍,1020.935375837595,간접역세권
192,고척벽산블루밍,545.6967732842036,간접역세권
193,고척삼익1단지,1202.3498798810313,간접역세권
194,고척삼환로즈빌,397.17796436526856,역세권
195,고척서울가든,809.7112466762485,간접역세권
196,고척양우,1143.4370794586232,간접역세권
197,고척우성꿈동산,1009.4197740517603,간접역세권
198,고척우성현대,596.4359580893998,간접역세권
199,고척월드메르디앙,996.2174199738793,간접역세권
200,고척청구아파트,896.4143745014063,간접역세권
201,고척파크푸르지오,953.6824174982497,간접역세권
202,고척한일유앤아이,1347.2472786572937,간접역세권
203,고척한효,804.8340359858489,간접역세권
204,공덕2삼성임대,395.79931509216664,역세권
205,공덕SK리더스뷰 1단지,437.9463411296542,역세권
206,공덕SK리더스뷰 2단지,240.40534111164942,초역세권
207,공덕래미안5차,526.4082141701443,간접역세권
208,공덕삼성,309.56448267543544,역세권
209,공덕삼성래미안3차,455.4269063660266,역세권
210,공덕삼성임대,455.16694305158376,역세권
211,공덕아이파크,401.7259603545867,역세권
212,공덕자이 아파트,85.68599466061137,초역세권
213,공덕자이(임대),208.0633609845106,초역세권
214,공덕한화꿈에그린,483.8282514414725,역세권
215,공덕현대,492.8257364185096,역세권
216,공릉1단지,543.014302012952,간접역세권
217,공릉1동삼익,245.4214563504187,초역세권
218,공릉2-6,584.7835854270115,간접역세권
219,공릉2단지라이프,654.4277039272635,간접역세권
220,공릉2차신도브래뉴아파트,79.67627816096238,초역세권
221,공릉3단지라이프,415.3065342790159,역세권
222,공릉건영장미,447.1551953909225,역세권
223,공릉대동1차,309.09070681176576,역세권
224,공릉대동2차,260.46793257423474,역세권
225,공릉대아2차,296.17575884714813,역세권
226,공릉대주파크빌,435.60390023822373,역세권
227,공릉동부,566.788047377949,간접역세권
228,공릉동신,431.16909893247004,역세권
229,공릉두산힐스빌,444.1715662587645,역세권
230,공릉비선,678.0501376274124,간접역세권
231,공릉삼익1차아파트,736.2037834574503,간접역세권
232,공릉삼익2차,683.6291208306534,간접역세권
233,공릉삼익4단지,468.3868964412814,역세권
234,공릉신도1차,323.89815366018803,역세권
235,공릉신성미소지움,638.5254653045988,간접역세권
236,공릉신원,297.44837777608035,역세권
237,공릉우방4단지,768.8972240128153,간접역세권
238,공릉우성,314.70605947784827,역세권
239,공릉청솔9단지,160.82765330144605,초역세권
240,공릉태강,417.24620630343225,역세권
241,공릉태릉우성,503.90848418620516,간접역세권
242,공릉풍림아이원,651.5576358192227,간접역세권
243,공릉한보아파트,709.2164142939297,간접역세권
244,공릉해링턴플레이스(구.효성화운트빌),859.3205264474099,간접역세권
245,공릉현대성우,409.4592857529504,역세권
246,공릉화랑타운,511.0476795734663,간접역세권
247,관악국제산장,2556.857009760745,역세권아님
248,관악동부센트레빌,668.8471595922556,간접역세권
249,관악드림타운,743.5527205632668,간접역세권
250,관악드림타운제2,717.5503312896907,간접역세권
251,관악벽산2단지,2324.1460020395807,역세권아님
252,관악벽산블루밍,746.9972706239641,간접역세권
253,관악벽산블루밍임대,842.9442281358477,간접역세권
254,관악벽산타운5단지,2335.794191176098,역세권아님
255,관악산신도브래뉴,1701.7944506254116,역세권아님
256,관악산휴먼시아,2496.353179847131,역세권아님
257,관악산휴먼시아3단지,2239.78112892742,역세권아님
258,관악우방,1923.3464912889212,역세권아님
259,관악우성아파트,737.6472751638564,간접역세권
260,관악우정하이비전아파트 1단지,1422.266234911695,간접역세권
261,관악월드메르디앙아파트,616.1398585382025,간접역세권
262,관악파크푸르지오,604.7317472276014,간접역세권
263,관악푸르지오아파트,965.3295800251585,간접역세권
264,관악푸르지오제2단지,914.2547062824164,간접역세권
265,관악현대,597.1418283023298,간접역세권
266,광장극동1차,243.47766568455629,초역세권
267,광장동 광나루현대,505.25871596452123,간접역세권
268,광장동금호베스트빌,859.043921474794,간접역세권
269,광장삼성12차,323.66442953241057,역세권
270,광장신동아파밀리에,177.6747714988582,초역세권
271,광장청구,709.6315122215104,간접역세권
272,광장현대3단지아파트,680.0265155604537,간접역세권
273,광장현대5단지,680.485260335702,간접역세권
274,광장현대8단지,466.72520662253663,역세권
275,광장현대9차,614.3019463057527,간접역세권
276,광장현대파크빌,220.17819886738448,초역세권
277,광장힐스테이트,423.80847080325987,역세권
278,구로극동,572.5744256580479,간접역세권
279,구로금호어울림,856.9831388181625,간접역세권
280,구로다솜금호,680.6953744286094,간접역세권
281,구로두산,389.92326636358615,역세권
282,구로두산위브,269.00605262389746,역세권
283,구로두산제2,317.74129038690637,역세권
284,구로럭키,186.21292097985648,초역세권
285,구로보광,909.0799708841403,간접역세권
286,구로삼성래미안,447.53161703628723,역세권
287,구로새솔금호,789.2914750963034,간접역세권
288,구로신성미소지움,734.8046880080474,간접역세권
289,구로우방,900.5531880161096,간접역세권
290,구로우성,564.9267143897272,간접역세권
291,구로우성(1동),1196.1743078892287,간접역세권
292,구로월드,605.1434149060892,간접역세권
293,구로이화우성,374.0345564136764,역세권
294,구로주공,1195.2610344926636,간접역세권
295,구로중앙하이츠아파트,481.1246559229204,역세권
296,구로한신1차,1035.1712884266067,간접역세권
297,구로한신휴플러스,485.2790344783661,역세권
298,구로한일유엔아이,834.3049420756837,간접역세권
299,구로항동우남퍼스트빌,1680.318678089023,역세권아님
300,구로항동제일풍경채포레스트,1933.5898725630725,역세권아님
301,구로현대,498.29058384240153,역세권
302,구로현대상선,987.1536527062909,간접역세권
303,구로현대연예인,1180.8904928371908,간접역세권
304,구산경남아너스빌,1177.4833576672536,간접역세권
305,구산경향파크,1003.1911564402884,간접역세권
306,구의강변우성,142.94820238831937,초역세권
307,구의삼성쉐르빌,543.1261447712561,간접역세권
308,구의세양아파트 ,280.0639866816569,역세권
309,구의현대2단지,500.43032122719165,간접역세권
310,구의현대6단지,371.9120696777949,역세권
311,구의현대7단지,382.6930362538918,역세권
312,구의현대프라임,339.5093545212165,역세권
313,구일우성아파트,1026.5147249519803,간접역세권
314,군자일성파크,403.89022845843687,역세권
315,극동2차아파트,221.81000980112617,초역세권
316,금천롯데캐슬골드파크1차아파트,460.74501258710563,역세권
317,금천롯데캐슬골드파크3차아파트,539.3278075981399,간접역세권
318,금천이랜드해가든,604.7988742869793,간접역세권
319,금천현대,492.78424013258024,역세권
320,금하뜨라네,1666.2060992048237,역세권아님
321,금호1차푸르지오,480.99715561456014,역세권
322,금호대우,408.64357347600765,역세권
323,금호대우임대,583.9085051187219,간접역세권
324,금호동롯데아파트,161.90687148845677,초역세권
325,금호두산,294.76971123433674,역세권
326,금호베스트빌아파트 제2관리사무소,415.7546659610036,역세권
327,금호벽산,641.5459802472312,간접역세권
328,금호벽산(임대501동),460.9704562324358,역세권
329,금호삼성래미안,638.7751341920144,간접역세권
330,금호어울림,240.45160950385048,초역세권
331,금호어울림1차,402.80479646383515,역세권
332,금호어울림센터힐아파트,343.23802721687974,역세권
333,금호자이1차,316.7905907526173,역세권
334,금호자이2차,487.8740579623962,역세권
335,금호한신휴플러스,301.62850336973327,역세권
336,길동GS강동자이,867.1603524778707,간접역세권
337,길동삼익파크,430.9855323941252,역세권
338,길동신동아,796.4379190759817,간접역세권
339,길동신동아3차,667.4623154188796,간접역세권
340,길동우성1차,285.9766614542666,역세권
341,길동우성2차,337.33857202102604,역세권
342,길동현대아파트,661.1916618227048,간접역세권
343,길성그랑프리텔1차,448.3789283787386,역세권
344,길음SHVILLE,874.2798281426334,간접역세권
345,길음뉴타운 데시앙,471.15416138805796,역세권
346,길음뉴타운10단지,424.5741474838286,역세권
347,길음뉴타운11단지 롯데캐슬골든힐스아파트,625.3891700813627,간접역세권
348,길음뉴타운3단지임대,746.8300133735553,간접역세권
349,길음뉴타운4단지임대,866.154198886705,간접역세권
350,길음뉴타운7단지,894.4897025875057,간접역세권
351,길음뉴타운8단지,649.8554961367942,간접역세권
352,길음뉴타운8단지제2,761.6700064233619,간접역세권
353,길음뉴타운9단지제2,337.385350992766,역세권
354,길음뉴타운대림4단지,926.2755162343941,간접역세권
355,길음뉴타운래미안9단지,495.1981172849851,역세권
356,길음뉴타운푸르지오아파트23단지,727.1499854222143,간접역세권
357,길음동부센트레빌,602.4174240390196,간접역세권
358,길음동부제2,588.2666613176003,간접역세권
359,길음래미안2차,602.4174240390196,간접역세권
360,길음래미안3차,370.2335981489481,역세권
361,길음삼부,204.00708792757288,초역세권
362,길음신안파크,724.1176315768488,간접역세권
363,꿈의숲 SK뷰 아파트,747.4570700389781,간접역세권
364,꿈의숲 해링턴 플레이스 아파트,814.1725991351634,간접역세권
365,꿈의숲대명루첸,1303.8382115831416,간접역세권
366,꿈의숲롯데캐슬아파트,651.7669863858479,간접역세권
367,꿈의숲아이파크아파트,1171.561523400331,간접역세권
368,꿈의숲코오롱하늘채아파트,1443.3137609284067,간접역세권
369,꿈의숲푸르지오,836.580205401667,간접역세권
370,낙성대현대,503.6262708988352,간접역세권
371,낙성대현대홈타운,417.8291919558471,역세권
372,남가좌현대아파트,779.2826078478731,간접역세권
373,남가좌현대제2,821.1958319440774,간접역세권
374,남산센트럴자이,343.1302375724062,역세권
375,남서울 무지개 ,376.82818226793495,역세권
376,남서울건영2차,1631.75306107586,역세권아님
377,남서울건영아파트,513.8471293901473,간접역세권
378,남서울럭키아파트,933.7138103935771,간접역세권
379,남서울힐스테이트,1075.0948046472872,간접역세권
380,남성두산위브트레지움,100.59001680576422,초역세권
381,남해오네뜨아파트,594.6482060774676,간접역세권
382,남현동한일유앤아이,895.1591251289585,간접역세권
383,남현우림루미아트,699.7350750446201,간접역세권
384,냉천동부센트레빌,601.2927833658808,간접역세권
385,노량진쌍용예가,474.813438563829,역세권
386,노량진우성,598.4475174407189,간접역세권
387,노원 센트럴푸르지오,487.3304239421985,역세권
388,노원현대아파트,452.5385854597958,역세권
389,녹번JR아파트,212.57331142212755,초역세권
390,녹번대림,141.42205377996666,초역세권
391,녹번역e편한세상캐슬,375.40980096786217,역세권
392,녹번역센트레빌,832.1358423813791,간접역세권
393,녹번현대2차,193.2341610857624,초역세권
394,녹천역두산위브아파트,403.5850092236364,역세권
395,논현 기린힐스,152.50809055927897,초역세권
396,논현동부센트레빌,478.94613026521193,역세권
397,논현동현,479.39890044304997,역세권
398,논현신동아,327.6708303034913,역세권
399,뉴신사신성,702.9822343880687,간접역세권
400,답십리대림,1028.2423414504342,간접역세권
401,답십리대우,720.6779351386158,간접역세권
402,답십리동답한신,981.5182438655087,간접역세권
403,답십리동서울한양,853.9780242495342,간접역세권
404,답십리동아,846.9427629518016,간접역세권
405,답십리동아제2,759.1684032973792,간접역세권
406,답십리두산,707.641687929944,간접역세권
407,답십리두산위브,458.0098347112014,역세권
408,답십리두산제2,622.1657129356325,간접역세권
409,답십리우성그린,1482.0002648181037,간접역세권
410,답십리청솔우성,1048.3952835939317,간접역세권
411,답십리청솔우성제2,1196.1854875102024,간접역세권
412,답십리파크자이,515.1752752219676,간접역세권
413,당산2가현대,187.1396187682809,초역세권
414,당산2차삼성,387.13035916790795,역세권
415,당산2차효성타운,394.5054792839005,역세권
416,당산SHVILLE,361.43360368799244,역세권
417,당산강변래미안3차,783.163512704573,간접역세권
418,당산금호어울림,607.1489691403201,간접역세권
419,당산동대우,414.09804515014355,역세권
420,당산동부센트레빌,400.5667143630169,역세권
421,당산롯데캐슬프레스티지 아파트,643.274087149754,간접역세권
422,당산반도유보라,539.0395295755376,간접역세권
423,당산브라운스톤아파트,556.5966759573904,간접역세권
424,당산삼성래미안,262.0288031264791,역세권
425,당산삼익,336.99234957517103,역세권
426,당산상아,491.75470446059035,역세권
427,당산성원아파트,275.9282783792493,역세권
428,당산센트럴아이파크,490.0709830891749,역세권
429,당산신동아파밀리에,525.7055784098958,간접역세권
430,당산쌍용예가클래식,365.0787194591586,역세권
431,당산유원제일1차,581.6731819175823,간접역세권
432,당산유원제일2차,360.2981832540254,역세권
433,당산진로,333.8124005290955,역세권
434,당산푸르지오,599.0267451016528,간접역세권
435,당산한양,339.56524264439383,역세권
436,당산현대3차,633.798016225775,간접역세권
437,당산현대5차,541.5652705132949,간접역세권
438,당산효성1차,407.83157570275995,역세권
439,대림 우성2차,482.9911473004922,역세권
440,대림3동현대아파트,799.7712405040311,간접역세권
441,대림갑을명가,741.9154391173154,간접역세권
442,대림동현대,758.678178559984,간접역세권
443,대림서초리시온,100.78274317327147,초역세권
444,대림성원,720.8118262812421,간접역세권
445,대림신동아,444.51146061983667,역세권
446,대림아파트201동,502.19013154917127,간접역세권
447,대림우성,595.7881673949313,간접역세권
448,대림코오롱,376.64137189109186,역세권
449,대림한신2차,765.9964193914875,간접역세권
450,대림현대2차,732.6142328718634,간접역세권
451,대림현대3차,521.9959963893625,간접역세권
452,대망드림힐,324.53937926867235,역세권
453,대방1차e편한세상,293.9863789460779,역세권
454,대방2차현대,514.4015081030797,간접역세권
455,대방경남아너스빌,203.94856777426432,초역세권
456,대방대림,685.1857326555443,간접역세권
457,대방성원,438.34502916378443,역세권
458,대방우정,346.43778818431326,역세권
459,대방주공2단지,502.1733178058071,간접역세권
460,대방현대1차,440.55296984690654,역세권
461,대상,1088.5870656774287,간접역세권
462,대상타운현대,386.3396845285172,역세권
463,대성유니드아파트,523.4517318366707,간접역세권
464,대우디오빌플러스,285.2705999748823,역세권
465,대원그린아파트,1350.565605037766,간접역세권
466,대원칸타빌,162.34997957809912,초역세권
467,대조삼성타운,354.79328840989973,역세권
468,대주피오레아파트,1005.9137197089101,간접역세권
469,대청,381.464576757257,역세권
470,대치1차현대아파트,585.7642839049776,간접역세권
471,대치SK VIEW,276.21239326026534,역세권
472,대치동부센트레빌,248.22477862446522,초역세권
473,대치미도맨션,353.4521601893621,역세권
474,대치삼성,483.87026575444327,역세권
475,대치선경,269.2547166813991,역세권
476,대치쌍용2차,329.03069757715417,역세권
477,대치아이파크,205.38995296587225,초역세권
478,대치우성1차아파트,418.27992225812125,역세권
479,대치포스코더샵,719.3248284285664,간접역세권
480,대치현대,735.1583537123597,간접역세권
481,대학동현대(구신림9동),2109.589945472703,역세권아님
482,대현럭키,354.7179660889341,역세권
483,덕수궁롯데캐슬아파트 ,407.6447867169114,역세권
484,도곡1차아이파크,655.4852489507873,간접역세권
485,도곡개포한신아파트,188.5789421293159,초역세권
486,도곡경남,557.2380006992171,간접역세권
487,도곡대림,562.2327382192451,간접역세권
488,도곡동 포스코트 아파트,145.71683443312943,초역세권
489,도곡렉슬,494.9244364701721,역세권
490,도곡삼성,201.75244946287143,초역세권
491,도곡삼성래미안,410.0811593480733,역세권
492,도곡쌍용예가,505.45866155406037,간접역세권
493,도곡한라비발디아파트,579.4327282471615,간접역세권
494,도곡한신,585.1507201922718,간접역세권
495,도곡현대,675.4840018948867,간접역세권
496,도곡현대그린,660.6437659847625,간접역세권
497,도림동아에코빌,658.065872660694,간접역세권
498,도림청구,674.1202711199696,간접역세권
499,도림한라,526.8856870860417,간접역세권
500,도봉극동아파트,483.31389885553705,역세권
501,도봉동아에코빌,245.85210187110616,초역세권
502,도봉래미안,59.572588130146954,초역세권
503,도봉럭키,109.61535989238953,초역세권
504,도봉삼환,325.07820049389045,역세권
505,도봉서광,397.2088168929098,역세권
506,도봉서울가든,493.1913805037418,역세권
507,도봉서원제2,429.32089776418167,역세권
508,도봉숲 아뜨리움,267.4649901487985,역세권
509,도봉양우내안애아파트,514.3767605372421,간접역세권
510,도봉유원아파트,404.53188542427034,역세권
511,도봉파크빌2단지,644.5052039434727,간접역세권
512,도봉파크빌3단지,284.30216813012515,역세권
513,도봉한신,431.0586959128057,역세권
514,도봉현대성우,408.7794808997716,역세권
515,도원삼성래미안,536.3605798839834,간접역세권
516,도원삼성제2,440.3885994236901,역세권
517,도화현대,462.9089221227029,역세권
518,도화현대1차아파트,534.1312632828867,간접역세권
519,도화현대2차아파트(임대),479.85126475225155,역세권
520,도화현대홈타운,543.1876284357554,간접역세권
521,독립문극동,293.20241164054517,역세권
522,독립문극동임대,338.04876075352195,역세권
523,독립문삼호,477.3291330679671,역세권
524,독립문파크빌,553.6431332732835,간접역세권
525,독산계룡,318.5451222923796,역세권
526,독산동중앙하이츠빌아파트,208.1510597827163,초역세권
527,독산동한양수자인아파트,1104.5175187372301,간접역세권
528,독산라이프아파트,629.2965113010343,간접역세권
529,독산신도브래뉴,882.6504661642025,간접역세권
530,독산주공14단지,759.889868310864,간접역세권
531,독산진도2차,460.8800426501768,역세권
532,독산진도3차,406.06723623829544,역세권
533,독산한신,408.8456999868149,역세권
534,독산현대,516.9580894524756,간접역세권
535,돈암동부센트레빌,166.87768854973703,초역세권
536,돈암동한신한진아파트,599.7979886512386,간접역세권
537,돈암범양,261.5358210136577,역세권
538,돈암삼성,604.9205839920279,간접역세권
539,돈암삼성임대,475.56108591008393,역세권
540,돈암신일해피트리,557.1283666142847,간접역세권
541,돈암일신건영휴먼빌,224.76933469991764,초역세권
542,돈암코오롱하늘채아파트,439.78193668440576,역세권
543,돈암포스코더샵,619.3854301856312,간접역세권
544,돈암풍림,708.7905918741948,간접역세권
545,돈암풍림임대,701.9891840513977,간접역세권
546,돈암현대,321.60206396194025,역세권
547,돈암힐스테이트,480.4261349671709,역세권
548,돈의문센트레빌,469.1932986083399,역세권
549,동대문더퍼스트데시앙아파트,1450.549418637896,간접역세권
550,동부(돌타운)아파트,413.38003866737336,역세권
551,동부아파트,327.1845890618086,역세권
552,동부이촌동우성,457.4400319785481,역세권
553,동소문동송산,522.4979037593915,간접역세권
554,동소문한신휴플러스,359.03546817147117,역세권
555,동소문한진임대,599.7979886512386,간접역세권
556,동아에코빌,293.62755992905494,역세권
557,동아효성아파트(거여2단지),358.9147898795965,역세권
558,동양엔파트,130.44292164012785,초역세권
559,동양파라곤,386.43748948441436,역세권
560,동작금강KCC,923.5925614239322,간접역세권
561,동작상떼빌주상복합,547.3313073418923,간접역세권
562,동진신안,1300.4580828930523,간접역세권
563,두산아파트,197.08004628976374,초역세권
564,둔촌동동아,729.5875320120342,간접역세권
565,둔촌신동아,506.11566888118796,간접역세권
566,둔촌역청구아파트,327.0948274442885,역세권
567,둔촌푸르지오,696.8584712467401,간접역세권
568,둔촌프라자,774.403431782058,간접역세권
569,둔촌하이츠,578.6839814103536,간접역세권
570,둔촌현대1차,888.7496604043121,간접역세권
571,둔촌현대2차,476.9871367278729,역세권
572,둔촌현대3차,795.9097180365452,간접역세권
573,둔촌현대4차,737.6939457007758,간접역세권
574,등촌3단지주공아파트,454.89101828926727,역세권
575,등촌8단지주공아파트,271.6690352190004,역세권
576,등촌IPARK,887.6453368298634,간접역세권
577,등촌대동황토방,166.1199418742918,초역세권
578,등촌대동황토방2차아파트,250.30346228149247,역세권
579,등촌대림e편한세상,982.7395220466514,간접역세권
580,등촌대림아파트,763.6003476126211,간접역세권
581,등촌동성,625.8151580812696,간접역세권
582,등촌라인,291.99184399315817,역세권
583,등촌미주진로,678.3152255341063,간접역세권
584,등촌부영,573.2360414206421,간접역세권
585,등촌삼성한사랑,298.91677834790937,역세권
586,등촌서광,398.3261084481652,역세권
587,등촌우성101동,138.71204108756393,초역세권
588,등촌우성102동,178.84977929008951,초역세권
589,등촌임광,1147.0474990506646,간접역세권
590,등촌주공10단지,547.3577048467339,간접역세권
591,등촌주공2단지,396.9066932305267,역세권
592,등촌주공5단지,675.6065479102324,간접역세권
593,등촌코오롱오투빌1차,357.16938296440134,역세권
594,등촌태영,274.5093270434375,역세권
595,등촌태진아름,379.1943555499829,역세권
596,등촌현대1차(한마음),606.0523160103368,간접역세권
597,디에이치 아너힐즈,431.24427856828567,역세권
598,디에이치 자이 개포,218.29496990818325,초역세권
599,디엠씨한양,720.685982690849,간접역세권
600,디엠씨현대,614.2219678279679,간접역세권
601,뚝섬중앙하이츠빌,102.09979362324336,초역세권
602,라이프아파트,1151.084734145328,간접역세권
603,래미안 구의 파크스위트 아파트,743.156024723627,간접역세권
604,래미안 대치 팰리스,492.74437920997286,역세권
605,래미안 라클래시,491.97446614778534,역세권
606,래미안 목동아델리체,186.69014283543405,초역세권
607,래미안 서초스위트 아파트,479.0945549385205,역세권
608,래미안 서초에스티지,544.7716856957608,간접역세권
609,래미안 신반포 리오센트,563.8944017886021,간접역세권
610,래미안 신반포팰리스,343.71913193978304,역세권
611,래미안 웰스트림,419.42367256161765,역세권
612,래미안 프리미어 팰리스,413.7910770737915,역세권
613,래미안강남힐즈,1361.5771506744945,간접역세권
614,래미안강동팰리스,186.14242680246522,초역세권
615,래미안개포루체하임,450.18390461740637,역세권
616,래미안그레이튼,508.9191712267529,간접역세권
617,래미안그레이튼3차,416.8546410906764,역세권
618,래미안길음1차,439.1576038853856,역세권
619,래미안길음센터피스,433.66506445533446,역세권
620,래미안남가좌2차,462.3239190433843,역세권
621,래미안당산1차아파트,320.12425609266177,역세권
622,래미안대치하이스턴,666.8683389710683,간접역세권
623,래미안도곡카운티,204.78819910817168,초역세권
624,래미안라센트,389.6277009924264,역세권
625,래미안로이파크아파트,419.66724638400103,역세권
626,래미안루센티아 아파트,785.5763778271247,간접역세권
627,래미안리더스원,712.0787532252933,간접역세권
628,래미안마포리버웰,485.75324086652347,역세권
629,래미안미드카운티,945.3824423420821,간접역세권
630,래미안미아1차,171.00499804730214,초역세권
631,래미안밤섬리베뉴 2,391.3458738302923,역세권
632,래미안밤섬리베뉴 Ⅰ,273.65930781412607,역세권
633,래미안방배아트힐,783.7218896676651,간접역세권
634,래미안베라힐즈아파트,213.1103202380723,초역세권
635,래미안블레스티지,887.8655125045885,간접역세권
636,래미안삼성1차103단지,431.20087735832044,역세권
637,래미안삼성1차104단지,452.6153912479789,역세권
638,래미안상도2차,302.42779313357255,역세권
639,래미안상도3차,368.9373649027543,역세권
640,래미안서초에스티지에스아파트,485.14432037009044,역세권
641,래미안석관,293.64465837377753,역세권
642,래미안세레니티,714.836957531035,간접역세권
643,래미안솔베뉴,183.96046141736178,초역세권
644,래미안송파파인탑,716.2189557939349,간접역세권
645,래미안수유,365.6181641470502,역세권
646,래미안수유(임대),365.6181641470502,역세권
647,래미안신당하이베르,626.2814650073979,간접역세권
648,래미안신당하이베르임대,668.2425329781985,간접역세권
649,래미안아름숲,1081.7843278792586,간접역세권
650,래미안아트리치 ,680.0099379075366,간접역세권
651,래미안에스티움,199.20293441460285,초역세권
652,래미안엘파인,1501.8439069075905,역세권아님
653,래미안옥수리버젠,212.69522591767225,초역세권
654,래미안옥수리버젠제2임대,212.69522591767225,초역세권
655,래미안용강아파트,485.75324086652347,역세권
656,래미안용두1차,269.4368929185491,역세권
657,래미안월곡,680.1312157293146,간접역세권
658,래미안위브,605.9192601505591,간접역세권
659,래미안이문2차,427.1764573711161,역세권
660,래미안장안,913.5439336362738,간접역세권
661,래미안장안2차,998.093361990172,간접역세권
662,래미안장위포레카운티아파트,898.0599021424493,간접역세권
663,래미안종암2차,702.2706505301458,간접역세권
664,래미안종암3차,254.1383336205092,역세권
665,래미안첼리투스,713.089939739722,간접역세권
666,래미안크레시티,575.315047675716,간접역세권
667,래미안트리베라1차,774.2653357062525,간접역세권
668,래미안트리베라2차,441.2701785820389,역세권
669,래미안트윈파크,182.53536437686154,초역세권
670,래미안퍼스트하이,1064.7143711231429,간접역세권
671,래미안퍼스티지,338.14204574153746,역세권
672,래미안포레,627.0669955898462,간접역세권
673,래미안프레비뉴,549.2230379936977,간접역세권
674,래미안하이리버,502.10463273544826,간접역세권
675,래미안하이리버제2임대,378.654445535483,역세권
676,래미안허브리츠,269.54061464858336,역세권
677,래미안힐스테이트 고덕 ,539.9904480978465,간접역세권
678,로데오현대아파트,295.9459908954847,역세권
679,롯데우성,793.5916038556717,간접역세권
680,롯데캐슬,514.1041952952722,간접역세권
681,롯데캐슬갤럭시2차,475.68325423221233,역세권
682,롯데캐슬노블,841.9322499373742,간접역세권
683,롯데캐슬노블레스,512.2970025646308,간접역세권
684,롯데캐슬루나,1009.0831662591637,간접역세권
685,롯데캐슬리베아파트,82.85334075416688,초역세권
686,롯데캐슬베네치아,530.5934430775719,간접역세권
687,롯데캐슬천지인,138.21862718301094,초역세권
688,롯데캐슬클래식,600.9531589683694,간접역세권
689,리버뷰신안인스빌,512.4424793157197,간접역세권
690,리버힐삼성아파트,626.0361833041179,간접역세권
691,마곡13단지 힐스테이트마스터 아파트,703.407014753344,간접역세권
692,마곡금호어울림,767.7853791889387,간접역세권
693,마곡벽산,873.8326242475854,간접역세권
694,마곡서광,616.5878505846526,간접역세권
695,마곡서광2차아파트,399.7476186812443,역세권
696,마곡수명산파크1단지,782.0892056450184,간접역세권
697,마곡수명산파크2단지,557.9784591600923,간접역세권
698,마곡수명산파크3단지,838.7452354621137,간접역세권
699,마곡수명산파크4단지,1010.7726553785072,간접역세권
700,마곡수명산파크5단지,875.0376015986134,간접역세권
701,마곡수명산파크6단지,945.3682702969379,간접역세권
702,마곡수명산파크7단지,1230.6358056797014,간접역세권
703,마곡신안,561.382554558581,간접역세권
704,마곡신안네트빌(1단지),383.0491249016093,역세권
705,마곡엠밸리11단지,423.4546828291045,역세권
706,마곡엠밸리12단지,248.82720737020767,초역세권
707,마곡엠밸리14단지,265.6505440221989,역세권
708,마곡엠밸리15단지,413.3271148993968,역세권
709,마곡엠밸리1단지,186.78361882927112,초역세권
710,마곡엠밸리2단지,402.85257516225,역세권
711,마곡엠밸리4단지,518.5021485161515,간접역세권
712,마곡엠밸리5단지,204.2901063773476,초역세권
713,마곡엠밸리6단지,448.94254546038155,역세권
714,마곡엠밸리7단지,455.03407894560144,역세권
715,마곡엠밸리8단지,493.02545205357137,역세권
716,마곡엠밸리9단지,586.635528767467,간접역세권
717,마곡우림필유아파트,622.0741184634172,간접역세권
718,마곡청구아파트,764.6851081028354,간접역세권
719,마곡푸르지오,529.2608355940228,간접역세권
720,마곡한솔솔파크,602.6074125985622,간접역세권
721,마곡한숲대림아파트,422.02480412849934,역세권
722,마곡현대아파트,655.1676351241562,간접역세권
723,마곡힐스테이트,407.6298744762226,역세권
724,마장SH-vill임대,310.48421789776756,역세권
725,마장동 대성유니드 아파트,389.82582584156734,역세권
726,마장동금호어울림,334.40101790213646,역세권
727,마장삼성,241.23488598249764,초역세권
728,마장세림,216.06831580922284,초역세권
729,마장신성미소지움,273.5894278012422,역세권
730,마장중앙하이츠,348.267730254792,역세권
731,마장현대,351.00484744495884,역세권
732,마천금호,56.962122584204586,초역세권
733,마천금호어울림2차,335.1129039003146,역세권
734,마천우방,597.1492013200057,간접역세권
735,마포 보성 아파트,393.91020598755716,역세권
736,마포 웨스트리버 태영데시앙아파트,330.5549979355133,역세권
737,마포강변힐스테이트,483.56441569951005,역세권
738,마포경남아너스빌,231.49314270382027,초역세권
739,마포도화우성아파트,322.84835585348304,역세권
740,마포동원베네스트,415.3339276138102,역세권
741,마포래미안푸르지오,270.68841997499516,역세권
742,마포삼성,388.7474653533006,역세권
743,마포신촌삼익아파트,73.41554253579184,초역세권
744,마포쌍용황금,268.9389705168827,역세권
745,마포자이,422.65361884614265,역세권
746,마포자이2차,186.9392018430175,초역세권
747,마포자이3차아파트,487.6619415665489,역세권
748,마포중동현대,693.4403323500841,간접역세권
749,마포태영아파트,340.38990542057724,역세권
750,마포태영제2,340.38990542057724,역세권
751,마포펜트라우스,233.95871958933176,초역세권
752,마포프레스티지자이아파트,370.39236179335387,역세권
753,마포한강 아이파크,738.6729475271668,간접역세권
754,마포현대아파트,662.3503643584035,간접역세권
755,망우신원,736.5097946892214,간접역세권
756,망원1차대림,544.6708240553338,간접역세권
757,망원2차대림,773.8279227488008,간접역세권
758,망원휴먼빌,675.6920968276975,간접역세권
759,매봉삼성아파트,303.3214803036969,역세권
760,메세나폴리스,207.50941046621983,초역세권
761,면목,369.8216609078162,역세권
762,면목 라온 프라이빗 아파트,858.8387643826142,간접역세권
763,면목2동한신아파트,825.6262181198514,간접역세권
764,면목경남아너스빌,588.8220701153011,간접역세권
765,면목금호어울림,401.64806819701965,역세권
766,면목늘푸른동아아파트,542.2641300582989,간접역세권
767,면목대원칸타빌,334.75340182562553,역세권
768,면목두산2.3차,490.3374850816843,역세권
769,면목두산45단지,654.8092982693935,간접역세권
770,면목두산6차,691.2160009241256,간접역세권
771,면목마젤란,353.7440196725966,역세권
772,면목삼익,651.9578560168992,간접역세권
773,면목삼호,335.4840235957302,역세권
774,면목성원,428.36889169492946,역세권
775,면목신성미소지움,772.580733353677,간접역세권
776,면목신성은하수,721.3454391936577,간접역세권
777,면목한신,888.7288210478922,간접역세권
778,면목현대,318.2559547456513,역세권
779,명륜아남1차,456.4480202083036,역세권
780,명수대현대,284.1130692011008,역세권
781,명일동우성,486.31034732388736,역세권
782,명일삼익가든12차,470.9496687533132,역세권
783,명일삼익그린11차,479.68182511451374,역세권
784,명일삼익그린2차,448.11756415114877,역세권
785,명일삼환아파트,147.81801438524914,초역세권
786,명일신동아,227.2017061182159,초역세권
787,명일엘지,312.3075688260522,역세권
788,명일중앙하이츠아파트,691.770479708234,간접역세권
789,명일한양,512.707205910686,간접역세권
790,명일현대,533.1877185458209,간접역세권
791,목동 센트럴 아이파크위브 아파트,904.9445966330647,간접역세권
792,목동10단지,650.3209946650794,간접역세권
793,목동11단지,572.8366971873094,간접역세권
794,목동12단지,321.8586598572568,역세권
795,목동13단지,209.86161459121578,초역세권
796,목동14단지,579.1890478451105,간접역세권
797,목동1단지,606.1981647843805,간접역세권
798,목동2단지,971.459067607652,간접역세권
799,목동2차삼성래미안,304.65599265852666,역세권
800,목동2차성원아파트,896.5646596132517,간접역세권
801,목동2차우성임대,690.6525123120082,간접역세권
802,목동3단지,1073.215766514871,간접역세권
803,목동4단지,861.0637877974268,간접역세권
804,목동5단지,1076.467652865617,간접역세권
805,목동6단지,813.5713311679214,간접역세권
806,목동7단지,496.7369597337046,역세권
807,목동8단지,552.7063858821442,간접역세권
808,목동9단지,759.310974748253,간접역세권
809,목동e-편한세상,899.0921445446055,간접역세권
810,목동건영,582.0378839601862,간접역세권
811,목동극동늘푸른,981.8907038114437,간접역세권
812,목동금강에스쁘아,1035.2350226709566,간접역세권
813,목동금호1차,98.0668526162472,초역세권
814,목동금호베스트빌,615.406985550486,간접역세권
815,목동금호어울림,886.0989783851657,간접역세권
816,목동금호타운아파트,1113.2520170611992,간접역세권
817,목동대림2차,88.60673199500631,초역세권
818,목동대원칸타빌,281.3893476119545,역세권
819,목동대원칸타빌23단지,692.3312589397952,간접역세권
820,목동롯데캐슬 마에스트로,561.3711062550807,간접역세권
821,목동롯데캐슬위너,438.00059780124445,역세권
822,목동삼성래미안,587.6133153987698,간접역세권
823,목동성원,390.10854586432714,역세권
824,목동우성,628.4430400989845,간접역세권
825,목동우성2차,521.6252368928646,간접역세권
826,목동진도1차,369.6797321491783,역세권
827,목동진도2차,178.68768701662754,초역세권
828,목동파크자이아파트,490.60497598317176,역세권
829,목동한신청구,337.21757966832723,역세권
830,목동현대1차,274.6700354964963,역세권
831,목동현대2차,324.36209983725695,역세권
832,목동현대A,273.0930016119224,역세권
833,목동현대아이파크,325.7531356070544,역세권
834,목동현대아파트,515.1929535460686,간접역세권
835,목동현대하이페리온2차,414.81500060980727,역세권
836,목동힐스테이트,288.4461832125706,역세권
837,무악현대,235.87888448461246,초역세권
838,무악현대임대,140.69688132136434,초역세권
839,무학현대,377.9669885656625,역세권
840,묵동극동늘푸른아파트,384.4275027735457,역세권
841,묵동금호어울림,310.2198938274949,역세권
842,묵동동구햇살,398.43128852142985,역세권
843,묵동브라운스톤태릉,235.1123779093434,초역세권
844,묵동세방,533.1376284801438,간접역세권
845,묵동신도1차,248.9963027842539,초역세권
846,묵동신안1차,379.7955892081117,역세권
847,묵동신안2차,436.67554974235185,역세권
848,묵동신안3차,412.4862693585978,역세권
849,묵동아이파크,350.2364500382238,역세권
850,묵동자이,357.5455843197851,역세권
851,묵동한국,428.7582705516643,역세권
852,묵정아파트,513.8986898575139,간접역세권
853,문래공원한신,159.80769210880024,초역세권
854,문래국화,246.51742619952532,초역세권
855,문래남성,433.8577153566026,역세권
856,문래대림,556.9075209694231,간접역세권
857,문래대원,481.8431783959573,역세권
858,문래동모아미래도아파트,481.20376633401935,역세권
859,문래두산위브,394.2992780491234,역세권
860,문래미원아파트,700.7606901572001,간접역세권
861,문래베어스타운,581.4202745645684,간접역세권
862,문래삼환,583.3673845047036,간접역세권
863,문래자이아파트,276.2019868847175,역세권
864,문래진주,367.29909703192374,역세권
865,문래한신,570.5488552579898,간접역세권
866,문래현대1차,582.4816848668584,간접역세권
867,문래현대2차,684.688375084929,간접역세권
868,문래현대3차,250.06150907885737,역세권
869,문래현대5차아파트,371.82010726657376,역세권
870,문래현대6차아파트,470.74647166426143,역세권
871,문래힐스테이트,346.95092430773246,역세권
872,문정3차푸르지오,961.3826441347093,간접역세권
873,문정건영,328.4518486387306,역세권
874,문정래미안,756.1636574677391,간접역세권
875,문정세양청마루,632.9133914440858,간접역세권
876,문정시영,816.144037427577,간접역세권
877,문정푸르지오1차,508.3003620914308,간접역세권
878,문정푸르지오2차,416.2871187336145,역세권
879,문화촌현대,619.5213883015433,간접역세권
880,미아2동경남아너스빌,195.8327456542995,초역세권
881,미아경남아너스빌,540.6703783471979,간접역세권
882,미아뉴타운두산위브트레지움,515.7643586855589,간접역세권
883,미아동부센트레빌,383.3969478289448,역세권
884,미아현대,457.84530858962546,역세권
885,반포경남,432.25596724962486,역세권
886,반포래미안아이파크,435.86258185677565,역세권
887,반포리체,176.50842935766607,초역세권
888,반포미도2차,354.573407529291,역세권
889,반포미도아파트,444.32455990608014,역세권
890,반포본동아파트,190.36952319186267,초역세권
891,반포삼호가든맨션5차,332.77712659617805,역세권
892,반포센트럴자이아파트,380.62967004266227,역세권
893,반포써밋,386.2403347387227,역세권
894,반포자이,179.25656105272807,초역세권
895,반포푸르지오,135.7035175884137,초역세권
896,반포한신서래,649.574299486792,간접역세권
897,반포한신타워,454.7670280526439,역세권
898,반포현대동궁,551.3553463914533,간접역세권
899,반포힐스테이트,251.62117453606797,역세권
900,밤섬경남아너스빌,415.4065601209653,역세권
901,밤섬현대,537.1520444427163,간접역세권
902,방배1차이편한세상,505.90875123668667,간접역세권
903,방배1차현대,308.3604574908656,역세권
904,방배2차현대홈타운,465.9065083228706,역세권
905,방배3차e편한세상,762.078596084393,간접역세권
906,방배SH-VILLE,525.9220555511934,간접역세권
907,방배대우효령,395.63384922328464,역세권
908,방배래미안,499.9081842665948,역세권
909,방배래미안타워,753.7586187241409,간접역세권
910,방배롯데캐슬아르떼,352.1114716829757,역세권
911,방배브라운가,475.90901334776663,역세권
912,방배삼익,444.38966320434866,역세권
913,방배서리풀e편한세상,283.80520602192246,역세권
914,방배신동아,334.04506732569723,역세권
915,방배신삼호,514.0632510380963,간접역세권
916,방배아트자이,485.1020568874108,역세권
917,방배우성,248.24982330253908,초역세권
918,방배임광12차,650.8588268086864,간접역세권
919,방배임광3차,731.3692176573272,간접역세권
920,방배자이아파트,515.1067058866274,간접역세권
921,방이대림가락,258.7928592269972,역세권
922,방이코오롱,310.5295197686845,역세권
923,방학4단지신동아,1387.2239714081932,간접역세권
924,방학거성학마을,421.92711625706386,역세권
925,방학극동,1243.6585364550442,간접역세권
926,방학동부센트레빌,625.0310925054476,간접역세권
927,방학동양크레오,1277.9140913828046,간접역세권
928,방학벽산2차,1100.7895394244395,간접역세권
929,방학삼성래미안1단지,265.34056410006576,역세권
930,방학삼성래미안2단지,302.27581571715046,역세권
931,방학삼익세라믹,1142.549405907837,간접역세권
932,방학성원,986.3222209954306,간접역세권
933,방학신동아1단지,1419.2461426623227,간접역세권
934,방학신동아2단지,966.1567726616979,간접역세권
935,방학신동아3단지,976.1024785096653,간접역세권
936,방학신동아5단지,1385.8670515945973,간접역세권
937,방학우성1차,958.3409132958058,간접역세권
938,방학우성2차,753.4771572190232,간접역세권
939,방학청구,1162.8876609529595,간접역세권
940,방학한화성원,1300.9874767182994,간접역세권
941,방화11단지,257.2708621950107,역세권
942,방화12단지(중앙),292.97176143090536,역세권
943,방화1단지(장미),557.7175187842419,간접역세권
944,방화2-2 그린,677.8278163799156,간접역세권
945,방화2단지,677.8278163799156,간접역세권
946,방화3차우림필유,584.7122304872101,간접역세권
947,방화4단지(삼익삼환),122.92187841702545,초역세권
948,방화5단지,212.19167457962635,초역세권
949,방화6단지,211.72128174692781,초역세권
950,방화9단지,253.28775520252623,역세권
951,방화대림E편한세상,312.2495695546101,역세권
952,방화동 개화아파트,391.92034812814643,역세권
953,방화동부센트레빌,339.80207818079526,역세권
954,방화동성아파트,251.72342879658754,역세권
955,방화삼성,709.4847918989034,간접역세권
956,방화삼성꽃마을,565.0807428346268,간접역세권
957,방화신동아,277.3734091433335,역세권
958,방화월드메르디앙,371.8399242790997,역세권
959,방화진로,382.97133552412055,역세권
960,방화청솔3단지,187.31271514228948,초역세권
961,방화한진로즈힐,519.7547318387351,간접역세권
962,방화현대1차,376.5289797428079,역세권
963,백련산 sk뷰 아이파크,507.67588211701866,간접역세권
964,백련산 해모로 아파트,609.4887632088448,간접역세권
965,백련산파크자이아파트,717.5343292523077,간접역세권
966,백련산힐스테이트1차,1034.126962299186,간접역세권
967,백련산힐스테이트2차,880.4487719288815,간접역세권
968,백련산힐스테이트3차,986.8000982510719,간접역세권
969,백련산힐스테이트임대,949.6270159707343,간접역세권
970,백운한비치2차,1371.3590599361978,간접역세권
971,번동1단지주공아파트,1288.0749843010874,간접역세권
972,번동금호어울림,940.198671886833,간접역세권
973,번동기산그린,1487.7357378925692,간접역세권
974,번동동문아파트,1116.7822364090352,간접역세권
975,번동삼성,661.3018478944688,간접역세권
976,번동솔그린,1180.675445765266,간접역세권
977,번동신원,1531.6954500330107,역세권아님
978,번동주공4단지,1245.7338681145766,간접역세권
979,번동한솔솔파크,1135.936945610649,간접역세권
980,번동한양,1385.6029047842128,간접역세권
981,번동한진,1520.938725345967,역세권아님
982,벽산1,1299.3499059883436,간접역세권
983,벽산6,2114.645484380596,역세권아님
984,벽산라이브파크,237.23099700264956,초역세권
985,벽산라이브파크2차,453.66998524432313,역세권
986,벽산블루밍1단지2단지,1182.590712341135,간접역세권
987,벽산타운3단지,2100.6614575161525,역세권아님
988,보광삼성리버빌,921.283013249197,간접역세권
989,보라매 sk뷰,472.5333450066606,역세권
990,보라매 신동아파밀리에아파트,820.6824326672997,간접역세권
991,보라매e편한세상,475.22759766484165,역세권
992,보라매갑을,796.1420574455079,간접역세권
993,보라매경남아너스빌,612.3941317339286,간접역세권
994,보라매두산위브,505.1917222468284,간접역세권
995,보라매롯데낙천대,719.2079888302216,간접역세권
996,보라매삼성,622.7694434868195,간접역세권
997,보라매우성,862.7214143800387,간접역세권
998,보라매자이 더 포레스트,285.09864916215446,역세권
999,보라매코오롱하늘채,280.65158725074997,역세권
1000,보라매파크빌,744.7079385057089,간접역세권
1001,보문아남,256.9969358934432,역세권
1002,보문아이파크,245.34753593881788,초역세권
1003,보문파크뷰자이아파트,339.4116875448957,역세권
1004,본동SH-ville,392.3016848804112,역세권
1005,본동삼성래미안아파트,459.2295640805622,역세권
1006,본동신동아,376.99724308267076,역세권
1007,본동한신휴플러스,537.689720586568,간접역세권
1008,봉천건영6차아파트,469.9080372635617,역세권
1009,봉천동아제2,792.0626681237942,간접역세권
1010,봉천두산12단지,300.93249188496804,역세권
1011,봉천두산3단지,488.48294658003175,역세권
1012,봉천벽산블루밍3차,710.9222242894562,간접역세권
1013,봉천벽산타운2차,790.3663877217706,간접역세권
1014,봉천신봉,501.8283399462248,간접역세권
1015,봉천우성제2,830.469531309474,간접역세권
1016,봉천은천1단지,613.3203452129591,간접역세권
1017,봉천은천2단지,775.7011943906423,간접역세권
1018,봉천인헌,989.7237325529496,간접역세권
1019,북가좌삼호,869.2430920059467,간접역세권
1020,북가좌삼호제2,813.4031341177995,간접역세권
1021,북아현두산,452.63988364056996,역세권
1022,북한강성원아파트,990.411620854129,간접역세권
1023,북한산 더샵,651.882002899388,간접역세권
1024,북한산 두산 위브,935.3479608070129,간접역세권
1025,북한산 푸르지오 아파트,546.2085123552406,간접역세권
1026,북한산대창센시티,835.0199062931306,간접역세권
1027,북한산두산위브2차,771.2457790068636,간접역세권
1028,북한산래미안,775.3974353484398,간접역세권
1029,북한산래미안아파트(임대),573.5045343423798,간접역세권
1030,북한산수자인,368.4239618315753,역세권
1031,북한산코오롱하늘채,925.2291861777609,간접역세권
1032,북한산한신휴플러스,187.55364126045757,초역세권
1033,북한산현대홈타운,490.9016931364674,역세권
1034,북한산힐스테이트1차,676.7653592740546,간접역세권
1035,북한산힐스테이트3차,240.15263834529284,초역세권
1036,북한산힐스테이트7차,601.7132168269065,간접역세권
1037,북한산힐스테이트7차제2 (임대),626.9699763331614,간접역세권
1038,불광대호2차,411.47962718197823,역세권
1039,불광롯데캐슬,369.21770161003815,역세권
1040,불광미성,515.1788806888133,간접역세권
1041,불암현대,363.2850948563274,역세권
1042,브라운스톤 돈암,596.6862253118918,간접역세권
1043,브라운스톤 방학아파트,438.60484577187304,역세권
1044,브라운스톤공덕,500.56404738476056,간접역세권
1045,브라운스톤구산,707.424471967461,간접역세권
1046,브라운스톤금호아파트,134.25297535663367,초역세권
1047,브라운스톤동선,490.571235298238,역세권
1048,브라운스톤상도,423.9311965600539,역세권
1049,브라운스톤쌍문,480.7211299946128,역세권
1050,브라운스톤용산,382.9796213662469,역세권
1051,브라운스톤휘경,682.0719115477732,간접역세권
1052,사가정 센트럴 아이파크 아파트,610.6949731978526,간접역세권
1053,사근중앙하이츠,203.97552117625236,초역세권
1054,사당 대림아파트 관리사무소,361.653223231735,역세권
1055,사당4-3우성,558.9389700524006,간접역세권
1056,사당경남아너스빌,506.6960797182592,간접역세권
1057,사당극동,558.9389700524006,간접역세권
1058,사당동작삼성래미안아파트,476.68309844299546,역세권
1059,사당롯데캐슬,623.3259045364109,간접역세권
1060,사당롯데캐슬골든포레,844.1644769838317,간접역세권
1061,사당롯데캐슬샤인,690.2607439829154,간접역세권
1062,사당삼익그린뷰,480.9560732197628,역세권
1063,사당삼호그린,547.0167670852726,간접역세권
1064,사당신동아4단지,558.9389700524006,간접역세권
1065,사당우성2단지,558.9389700524006,간접역세권
1066,사당유니드,988.469418767216,간접역세권
1067,사당자이,830.828727837349,간접역세권
1068,사당제일,237.6965828591595,초역세권
1069,사당현대아파트,421.5420828275091,역세권
1070,사당휴먼시아,618.2944035533538,간접역세권
1071,산업인,886.6827471461537,간접역세권
1072,산천리버힐제2,670.7339282507676,간접역세권
1073,삼각산아이원,728.6167802788625,간접역세권
1074,삼각산아이원임대,499.9214247265264,역세권
1075,삼선1SH-VILLE,474.7636085132137,역세권
1076,삼선SKView,494.18037923091237,역세권
1077,삼선코오롱아파트,366.53201288888573,역세권
1078,삼선푸르지오아파트,456.6856596282937,역세권
1079,삼선힐스테이트,312.0991746508012,역세권
1080,삼성 상아2차아파트,351.1564419642143,역세권
1081,삼성동센트럴아이파크,354.1873529802149,역세권
1082,삼성동중앙하이츠빌리지,456.55427203479405,역세권
1083,삼성동한일아파트,329.0191535010932,역세권
1084,삼성동힐스테이트2단지,183.01689677130878,초역세권
1085,삼성래미안2차,223.49188446680765,초역세권
1086,삼성래미안공덕2차,395.79931509216664,역세권
1087,삼성래미안공덕4차,639.3798858824829,간접역세권
1088,삼성롯데,446.69070323662544,역세권
1089,삼성롯데캐슬프레미어,373.47003544451667,역세권
1090,삼성산주공3단지,2430.896780759043,역세권아님
1091,삼성서광,112.13079837679035,초역세권
1092,삼성청구타운,445.89080530151557,역세권
1093,삼성청담공원,420.31600162472915,역세권
1094,삼성풍림아파트1차,184.81754102037894,초역세권
1095,삼성하나로,561.7347242796462,간접역세권
1096,삼성한솔,374.75180898858315,역세권
1097,삼성현대,278.03467340550293,역세권
1098,삼성홍실,559.8815196741646,간접역세권
1099,삼성힐스테이트1단지,548.3393390551313,간접역세권
1100,삼익아파트2단지,1266.238316607272,간접역세권
1101,삼정그린코아,84.64895046647885,초역세권
1102,삼창타워프라자,225.55525436656578,초역세권
1103,삼호,437.1565521357929,역세권
1104,삼호한숲,128.6093334257765,초역세권
1105,삼환가락,347.78369934384585,역세권
1106,상계 대창센시티,753.4456180420043,간접역세권
1107,상계17단지,195.081861831808,초역세권
1108,상계1차중앙하이츠,681.4515481968532,간접역세권
1109,상계3차현대아파트 ,707.6818123763919,간접역세권
1110,상계극동늘푸른,229.69872730968748,초역세권
1111,상계금호타운,825.7250073455812,간접역세권
1112,상계대동아파트,441.18374430219495,역세권
1113,상계대림e-편한세상,514.3005403302867,간접역세권
1114,상계동아불암,264.1623239866252,역세권
1115,상계동아불암임대,451.561370530451,역세권
1116,상계동양메이저,382.54993437604253,역세권
1117,상계마들,608.3454961379372,간접역세권
1118,상계마들대림,573.6916967473621,간접역세권
1119,상계미도,337.7821974032763,역세권
1120,상계벽산,94.51061607612552,초역세권
1121,상계보람,639.3088632085891,간접역세권
1122,상계불암대림,409.51900864400505,역세권
1123,상계불암대림제2,511.6263583600922,간접역세권
1124,상계불암현대(임대),264.1623239866252,역세권
1125,상계성림(미라보),304.99830153099447,역세권
1126,상계성원,678.47821356807,간접역세권
1127,상계수락파크빌,144.9663699800546,초역세권
1128,상계수락한신,635.8259448536849,간접역세권
1129,상계수락현대,495.0819696649326,역세권
1130,상계신동아,899.5052698984289,간접역세권
1131,상계양우아파트,527.4937310124384,간접역세권
1132,상계우방,665.9746762873408,간접역세권
1133,상계은빛1단지,427.731315081403,역세권
1134,상계은빛2단지,283.6670097554143,역세권
1135,상계은빛3단지,596.9460285307975,간접역세권
1136,상계임광아파트관리사무소,489.5999518273977,역세권
1137,상계조합대림,255.91849660272825,역세권
1138,상계주공10단지 ,373.90186618823884,역세권
1139,상계주공11단지,199.9216743323033,초역세권
1140,상계주공12단지,200.58234467681334,초역세권
1141,상계주공13단지,561.218050314344,간접역세권
1142,상계주공14단지,461.2171738576243,역세권
1143,상계주공15단지,415.5637697207647,역세권
1144,상계주공16단지,468.6692617925052,역세권
1145,상계주공1단지,526.257087336845,간접역세권
1146,상계주공2단지,546.1344137134846,간접역세권
1147,상계주공3단지,600.5051417971521,간접역세권
1148,상계주공4단지,552.69453443728,간접역세권
1149,상계주공5단지,357.841740105133,역세권
1150,상계주공6단지,240.7757002087746,초역세권
1151,상계주공7단지,321.81276951635925,역세권
1152,상계주공8단지,407.85694665315026,역세권
1153,상계주공9단지,367.568875807271,역세권
1154,상계중앙하이츠2차,612.0079012215616,간접역세권
1155,상계청암1단지,468.1014077916343,역세권
1156,상계코오롱,800.6646661912382,간접역세권
1157,상계한신,630.9017287441739,간접역세권
1158,상계한신1차,708.5522929018003,간접역세권
1159,상계한신2차,650.6025353261364,간접역세권
1160,상계한신3차,801.9927936533385,간접역세권
1161,상계한양,600.2781833875706,간접역세권
1162,상계한일유엔아이,776.2780421489135,간접역세권
1163,상계현대1차,605.8786328329489,간접역세권
1164,상계현대2차,755.9167995842733,간접역세권
1165,상도1동대림,374.2366094812226,역세권
1166,상도2차 두산위브트레지움 아파트,277.5906878615632,역세권
1167,상도sh-ville,576.4858167811099,간접역세권
1168,상도건영,509.4390439656266,간접역세권
1169,상도건영제2 관리사무소,509.6999944032626,간접역세권
1170,상도경향렉스빌,976.7005475151018,간접역세권
1171,상도더샵,377.2287054188782,역세권
1172,상도더샵2차,389.8420030215095,역세권
1173,상도동원베네스트,307.04936957116627,역세권
1174,상도동중앙하이츠빌아파트,370.1674569593559,역세권
1175,상도두산위브,416.1756766740395,역세권
1176,상도래미안1차,509.85450414722976,간접역세권
1177,상도래미안1차제2,538.0836204332894,간접역세권
1178,상도삼호,325.8991397313728,역세권
1179,상도쌍용,361.28471105639477,역세권
1180,상도역롯데캐슬파크엘,240.45254671590607,초역세권
1181,상도파크자이 아파트,215.1719051440178,초역세권
1182,상도현대,388.11780237668546,역세권
1183,상도효성해링턴플레이스,282.5798616821158,역세권
1184,상록수아파트,358.3703556891327,역세권
1185,상록타워 아파트,394.31368143789075,역세권
1186,상봉건영캐스빌,330.881762605337,역세권
1187,상봉우정,288.70460718034707,역세권
1188,상봉태영데시앙,428.79045744632526,역세권
1189,상수두산위브,148.01827154279948,초역세권
1190,상아2차아파트,155.84212373866606,초역세권
1191,상암월드컵1단지,646.9446034969196,간접역세권
1192,상암월드컵8단지,1174.5586964837569,간접역세권
1193,상암월드컵파크10단지,1339.4452003912133,간접역세권
1194,상암월드컵파크11단지,1411.1861934238743,간접역세권
1195,상암월드컵파크12단지,1550.5180421419143,역세권아님
1196,상암월드컵파크2단지,748.3061821483642,간접역세권
1197,상암월드컵파크3단지,920.273858495474,간접역세권
1198,상암월드컵파크4단지,548.3393390551313,간접역세권
1199,상암월드컵파크5단지,911.7322562072942,간접역세권
1200,상암월드컵파크6단지,1005.8219527967211,간접역세권
1201,상암월드컵파크7단지,1274.93471750467,간접역세권
1202,상암월드컵파크9단지,1598.5734972928544,역세권아님
1203,상암휴먼시아1단지,463.41488077176217,역세권
1204,상암휴먼시아2단지아파트,418.3819416832441,역세권
1205,상월곡우남,169.64582510908016,초역세권
1206,상일동아,1178.865431490185,간접역세권
1207,새절역현대아파트,513.8769019578978,간접역세권
1208,서강GS,374.67103104244785,역세권
1209,서강쌍용예가,241.22701587454176,초역세권
1210,서강해모로,207.02964042423073,초역세권
1211,서교동 효성해링턴타워 ,297.944293266386,역세권
1212,서대문천연뜨란채아파트,751.148165346413,간접역세권
1213,서빙고금호베스트빌,480.0857033417133,역세권
1214,서빙고신동아,194.27719284433732,초역세권
1215,서서울삼성아파트,285.53413389167173,역세권
1216,서울 왕십리 KCC스위첸아파트,453.4844313731133,역세권
1217,서울대입구삼성아파트,560.639623950036,간접역세권
1218,서울대입구아이원 (1560-61),519.278427785809,간접역세권
1219,서울수목원현대홈타운스위트,944.5404132862485,간접역세권
1220,서울숲2차푸르지오,763.3205044793078,간접역세권
1221,서울숲2차푸르지오임대,711.038494190432,간접역세권
1222,서울숲대림아파트,171.89216887428063,초역세권
1223,서울숲리버그린동아,423.4680482248807,역세권
1224,서울숲리버뷰자이아파트,482.7046384666989,역세권
1225,서울숲삼부아파트,171.88662784229996,초역세권
1226,서울숲아이파크,723.8608173561943,간접역세권
1227,서울숲푸르지오,601.6405012263468,간접역세권
1228,서울숲한신더휴아파트,582.189940691862,간접역세권
1229,서울숲행당푸르지오,387.8457072720791,역세권
1230,서울숲힐스테이트,500.8474805688661,간접역세권
1231,서울역센트럴자이아파트,561.6689071413466,간접역세권
1232,서울역한라비발디센트럴아파트,585.1327826949655,간접역세권
1233,서울주택도시공사 목동현대B 임대아파트,687.4985148886046,간접역세권
1234,서울주택도시공사 수서6단지,233.10389026715288,초역세권
1235,서원아파트,714.20551461754,간접역세권
1236,서초1차e편한세상,806.7921738820173,간접역세권
1237,서초2차e편한세상,637.5116128437761,간접역세권
1238,서초3차e편한세상,946.9719687321673,간접역세권
1239,서초5차e편한세상,946.9719687321673,간접역세권
1240,서초교대e편한세상,405.68192649946894,역세권
1241,서초네이처힐3단지,1311.0281928776417,간접역세권
1242,서초네이처힐4단지,2359.083315061004,역세권아님
1243,서초네이처힐5단지,2526.6959419799214,역세권아님
1244,서초네이처힐6단지,2643.893538530302,역세권아님
1245,서초네이처힐7단지,2629.0726457914043,역세권아님
1246,서초더샵포레,3999.647066734304,역세권아님
1247,서초래미안,705.2215040974655,간접역세권
1248,서초롯데캐슬프레지던트,663.2220796285942,간접역세권
1249,서초삼성래미안,518.6012080684693,간접역세권
1250,서초삼풍,562.5977988315441,간접역세권
1251,서초아트자이,429.7627107081141,역세권
1252,서초우성5차아파트,280.58681257682815,역세권
1253,서초유원,528.1192007346386,간접역세권
1254,서초자이,355.8527788976643,역세권
1255,서초진흥,463.8063308187626,역세권
1256,서초포레스타2단지아파트,3588.5833432656686,역세권아님
1257,서초포레스타3단지,3536.191214717826,역세권아님
1258,서초포레스타5단지,3970.5266971062206,역세권아님
1259,서초포레스타6단지,4093.605471982526,역세권아님
1260,서초포레스타7단지,4312.613160318531,역세권아님
1261,서초푸르지오써밋,477.4214188655213,역세권
1262,서초한빛삼성,438.24078908837583,역세권
1263,서초한신플러스타운,349.6568575078755,역세권
1264,서초현대12차,587.4726264903361,간접역세권
1265,서초현대4차,485.8901305430866,역세권
1266,서초현대아파트,601.5641907551967,간접역세권
1267,서초호반써밋,2284.8534052435516,역세권아님
1268,서초힐스,2627.2466817787536,역세권아님
1269,석관두산,308.27536175710947,역세권
1270,석관중앙하이츠,417.5969012797903,역세권
1271,석관코오롱,518.7582922334824,간접역세권
1272,성내1차e-편한세상,316.05083118462187,역세권
1273,성내2차e-편한세상,514.7835064463991,간접역세권
1274,성내삼성,370.48387275156506,역세권
1275,성내성안청구,358.00695563016757,역세권
1276,성내코오롱,159.75280775231664,초역세권
1277,성내현대,438.4152280061175,역세권
1278,성북동아에코빌,294.9047143834935,역세권
1279,성북역신도브래뉴,261.29006280320914,역세권
1280,성사1차 풍림아파트,271.8419473494942,역세권
1281,성산2차e-편한세상,534.9143321505269,간접역세권
1282,성산2차현대,667.2084931112278,간접역세권
1283,성산시영아파트,332.3146663368781,역세권
1284,성산월드타운대림,644.9001735939386,간접역세권
1285,성수2차대우,282.24351428749026,역세권
1286,성수금호3차,532.2190573212368,간접역세권
1287,성수동아,97.03475584947576,초역세권
1288,성수동아그린,419.417480522666,역세권
1289,성수두산위브,846.6812497049848,간접역세권
1290,성수롯데캐슬,163.95328589221137,초역세권
1291,성수쌍용,261.2501277378862,역세권
1292,성수아이파크,303.6319045487366,역세권
1293,성수우방2차,395.75880586519133,역세권
1294,성수청구강변 ,1041.6876057086836,간접역세권
1295,성수한강한신,1012.9315686888427,간접역세권
1296,성수한진타운,282.94832012788066,역세권
1297,성수현대,580.3424525152235,간접역세권
1298,성수현대그린,601.1793633507145,간접역세권
1299,성원(사슴4),532.4016983230787,간접역세권
1300,성현동아,751.5846348723001,간접역세권
1301,세곡리엔파크3단지,2093.3620310236297,역세권아님
1302,세곡리엔파크4단지,2352.22722651324,역세권아님
1303,세곡푸르지오,2044.482632727505,역세권아님
1304,세양청마루,332.2020362379432,역세권
1305,센트라스,234.6761802225457,초역세권
1306,송정건영,765.4846175784317,간접역세권
1307,송천센트레빌,429.6990297424689,역세권
1308,송파 두산위브아파트,621.3659013175111,간접역세권
1309,송파 와이즈더샵,1544.473987601027,역세권아님
1310,송파꿈에그린아파트,1195.8154022756546,간접역세권
1311,송파더센트레아파트,1208.4254770781524,간접역세권
1312,송파동부센트레빌,272.0015401400124,역세권
1313,송파레미니스2단지,967.9671847431576,간접역세권
1314,송파레미니스아파트,916.1180729353439,간접역세권
1315,송파미성,679.9591514930801,간접역세권
1316,송파삼성래미안,774.3124953212456,간접역세권
1317,송파성지,438.3950814045717,역세권
1318,송파위례리슈빌,1031.2779812319368,간접역세권
1319,송파파인타운10단지,359.808361877242,역세권
1320,송파파인타운11단지,628.3072607925868,간접역세권
1321,송파파인타운13단지,331.4498228190124,역세권
1322,송파파인타운1단지,1079.1581394413256,간접역세권
1323,송파파인타운2단지,737.4853261876884,간접역세권
1324,송파파인타운3단지,806.4898392892911,간접역세권
1325,송파파인타운4단지,460.74361388528285,역세권
1326,송파파인타운5단지,367.8485879166097,역세권
1327,송파파인타운6단지,544.33587478505,간접역세권
1328,송파파인타운7단지,412.1803304875051,역세권
1329,송파파인타운8단지,195.72697837639907,초역세권
1330,송파파인타운9단지,231.4126554418482,초역세권
1331,송파파크데일1단지,710.6133887666907,간접역세권
1332,송파파크데일2단지,536.2708981901504,간접역세권
1333,송파한양2차,696.6287409411158,간접역세권
1334,송파현대1차,651.5815537357958,간접역세권
1335,송파현대힐스테이트,197.22596828820102,초역세권
1336,송파호반베르디움더퍼스트,1088.208596060485,간접역세권
1337,송파호수임광,575.0473793899185,간접역세권
1338,송학휴스테이아파트,720.949413976848,간접역세권
1339,수락리버시티 4단지,753.2318963449677,간접역세권
1340,수락산벨리체아파트,433.5261435479065,역세권
1341,수명산롯데캐슬,834.1282569075998,간접역세권
1342,수색대림한숲타운,772.3550963298769,간접역세권
1343,수색대림한숲타운제2,783.4417747166756,간접역세권
1344,수서1-1단지아파트,1013.7361592370681,간접역세권
1345,수서가람,163.89362678752212,초역세권
1346,수서까치마을,319.1238743247202,역세권
1347,수서동익,514.5583013302211,간접역세권
1348,수서삼성,573.3734829475395,간접역세권
1349,수서삼익,215.54698188779835,초역세권
1350,수서신동아,281.8982464054691,역세권
1351,수서주공,379.5920617701818,역세권
1352,수서하니움,258.60073445853,역세권
1353,수서한아름,266.4373996591585,역세권
1354,수유극동아파트,409.9778064746331,역세권
1355,수유벽산,108.28246455101501,초역세권
1356,수유역두산위브,606.2931707003536,간접역세권
1357,순영웰라이빌아파트,376.81323645680885,역세권
1358,순화동포스코더샵,573.9537675696753,간접역세권
1359,숲속마을 신동아파밀리에 아파트 ,524.0792550626965,간접역세권
1360,시흥금강,1496.4435791884362,간접역세권
1361,시흥목련,344.52020434804496,역세권
1362,시흥베르빌,383.5684870633467,역세권
1363,시흥벽산1단지,2324.1460020395807,역세권아님
1364,시흥삼익,1609.8605416651594,역세권아님
1365,시흥성지,628.6166347038047,간접역세권
1366,시흥월드메르디앙,1247.067036916219,간접역세권
1367,신개봉삼환,238.05858978355212,초역세권
1368,신공덕2삼성래미안제2,683.8556320538115,간접역세권
1369,신공덕2차삼성래미안,625.5327182783732,간접역세권
1370,신공덕3차삼성래미안,495.6487808165402,역세권
1371,신공덕e-편한세상,478.90901602984053,역세권
1372,신공덕삼성1차,382.94256843005365,역세권
1373,신공덕삼성임대,439.262275250442,역세권
1374,신구로현대,426.62926829860123,역세권
1375,신금호두산위브,235.1113376706969,초역세권
1376,신금호파크자이아파트,205.90433863761453,초역세권
1377,신기목련,991.8633193962849,간접역세권
1378,신길1차우성아파트,889.0611289467786,간접역세권
1379,신길건영,915.7848280134128,간접역세권
1380,신길경남,179.81736545660334,초역세권
1381,신길남서울,133.06571723529507,초역세권
1382,신길뉴타운한화꿈에그린,322.8145678176835,역세권
1383,신길삼두,247.78642608273796,초역세권
1384,신길삼성,427.4957986392755,역세권
1385,신길삼성래미안,762.7165911022286,간접역세권
1386,신길삼환,847.1676040783293,간접역세권
1387,신길센트럴아이파크,705.654577935906,간접역세권
1388,신길센트럴자이,382.9094746861547,역세권
1389,신길우성2차,307.2495880727607,역세권
1390,신길우성3차아파트,328.06349152685533,역세권
1391,신길우성4차,323.92766302918426,역세권
1392,신길우성5차,931.2768431910678,간접역세권
1393,신길우창,372.9353796923212,역세권
1394,신길자이,807.1782915504587,간접역세권
1395,신길파크자이,458.48430149534056,역세권
1396,신길한성,557.3779270127914,간접역세권
1397,신내 데시앙포레  ,697.9420783503098,간접역세권
1398,신내10단지,857.9382871538878,간접역세권
1399,신내12단지,650.2137597914152,간접역세권
1400,신내4단지,375.03604702867386,역세권
1401,신내5단지대림두산,186.59267296101675,초역세권
1402,신내6단지,221.00579927651276,초역세권
1403,신내8단지두산화성,514.8548652032418,간접역세권
1404,신내9단지,621.9691998034904,간접역세권
1405,신내9단지임대,657.6245026119793,간접역세권
1406,신내건영1차,512.4513367388021,간접역세권
1407,신내건영2차아파트,200.8477242562545,초역세권
1408,신내경남아너스빌,653.4875264536146,간접역세권
1409,신내글로리움아파트,195.04669723044307,초역세권
1410,신내다우훼밀리,858.5155147258762,간접역세권
1411,신내대명11단지,888.80656102118,간접역세권
1412,신내데시앙,395.78931528285995,역세권
1413,신내동성1차2차,590.0748437595767,간접역세권
1414,신내동성3차아파트,781.529302835594,간접역세권
1415,신내동성4차,893.0341282215115,간접역세권
1416,신내동성7차,884.7000775939725,간접역세권
1417,신내라이프미성,752.7220506341922,간접역세권
1418,신내벽산,769.2279051408559,간접역세권
1419,신내새한아파트,588.292410470477,간접역세권
1420,신내석탑,675.8593740240921,간접역세권
1421,신내성원,640.2979946273124,간접역세권
1422,신내엘지쌍용,558.9389700524006,간접역세권
1423,신내역 금강펜테리움 센트럴파크아파트,291.8590787493091,역세권
1424,신내영풍마드레빌,692.9893466219116,간접역세권
1425,신내우남푸르미아,807.3466224288803,간접역세권
1426,신내우디안1단지,733.2919153026271,간접역세권
1427,신내우디안4단지 아파트,843.1594163485317,간접역세권
1428,신내의료안심주택,550.6042762244272,간접역세권
1429,신내중앙하이츠,691.7014136973843,간접역세권
1430,신내진로아파트,393.14387498924816,역세권
1431,신답경남아파트,555.704240294708,간접역세권
1432,신답극동아파트,360.8375515277827,역세권
1433,신당KCC스위첸아파트,463.7403667715465,역세권
1434,신당남산타운(분양),138.7082870981895,초역세권
1435,신당남산타운임대,138.7082870981895,초역세권
1436,신당삼성(분양),433.6729436818286,역세권
1437,신당삼성임대,433.6729436818286,역세권
1438,신당약수하이츠,410.45990481865744,역세권
1439,신당푸르지오,513.9093747983263,간접역세권
1440,신당현대,618.2400709445927,간접역세권
1441,신대림신동아파밀리에,653.7342093789069,간접역세권
1442,신대림한솔솔파크,286.20158537888176,역세권
1443,신대방경남교수,557.5255639770671,간접역세권
1444,신대방경남아너스빌,465.07956018298444,역세권
1445,신대방신동아,483.7067925397795,역세권
1446,신대방우성1차,552.595549965325,간접역세권
1447,신대방우성2차,533.106414468687,간접역세권
1448,신대방한성,664.7629842157813,간접역세권
1449,신대방현대,687.1274449036921,간접역세권
1450,신도림4차e-편한세상,457.09020354692836,역세권
1451,신도림대림12차,334.2482039957759,역세권
1452,신도림대림3차,551.3473778966048,간접역세권
1453,신도림대림5차e-편한세상,413.5656558540871,역세권
1454,신도림대림7차e-편한세상,590.1992450936361,간접역세권
1455,신도림동아1차,358.680849462219,역세권
1456,신도림동아2차,466.64007460882897,역세권
1457,신도림동아3차,540.740575307643,간접역세권
1458,신도림롯데,225.61580775208796,초역세권
1459,신도림미성,670.5264684814751,간접역세권
1460,신도림쌍용플래티넘노블,855.1060511337217,간접역세권
1461,신도림우성12차,419.98534464934113,역세권
1462,신도림우성3차,191.46784577068712,초역세권
1463,신도림우성5차,195.92229051664503,초역세권
1464,신도림태영타운,374.87160394349127,역세권
1465,신도림현대,289.1317085053894,역세권
1466,신도신월1차,587.8643368368561,간접역세권
1467,신동아,440.57959386659417,역세권
1468,신동아5,699.760890274688,간접역세권
1469,신동아리버파크,516.2232846834019,간접역세권
1470,신동아리버파크제2관리사무소,380.12468715578905,역세권
1471,신동아아파트,744.0889276337422,간접역세권
1472,신동아파밀리에,423.5441523791202,역세권
1473,신림2차금호타운,1594.4165879427512,역세권아님
1474,신림2차푸르지오,2376.4025591438362,역세권아님
1475,신림SH빌(임대),2402.344729013088,역세권아님
1476,신림건영1차,1239.270303489346,간접역세권
1477,신림건영2차,1872.2584887056407,역세권아님
1478,신림건영4차,518.944126917233,간접역세권
1479,신림금호타운1차,1950.984247584728,역세권아님
1480,신림동부,417.53030210231026,역세권
1481,신림동부센트레빌,1609.7229883365044,역세권아님
1482,신림미성,365.90273613001466,역세권
1483,신림벽산블루밍,2259.073439500567,역세권아님
1484,신림서초아파트,2256.628714970519,역세권아님
1485,신림신도브래뉴,448.1703278517351,역세권
1486,신림쌍용,1705.4317660415015,역세권아님
1487,신림우방,525.5759947382986,간접역세권
1488,신림초원,1564.8815791704078,역세권아님
1489,신림푸르지오,955.7478798490554,간접역세권
1490,신림현대,1056.5962308304436,간접역세권
1491,신림현대성우,434.41290167235724,역세권
1492,신마곡 벽산 블루밍 ,229.9320792589897,초역세권
1493,신반포 한신 252627차 아파트,286.1861811186971,역세권
1494,신반포15차아파트,202.16030762843695,초역세권
1495,신반포22,294.29815790322493,역세권
1496,신반포4차,453.1376102587865,역세권
1497,신반포7차,294.29815790322493,역세권
1498,신반포자이아파트,332.42739693412534,역세권
1499,신반포청구,298.33313668716573,역세권
1500,신반포한신14차,500.4824169539075,간접역세권
1501,신반포한신16차,481.8956554479258,역세권
1502,신반포한신19차,187.3486370430225,초역세권
1503,신반포한신23차,612.2677208899809,간접역세권
1504,신반포한신2차,600.4308373708751,간접역세권
1505,신반포한신5지구(121318차),571.4224951248133,간접역세권
1506,신사두산위브,880.7617422158114,간접역세권
1507,신사라이프씨티,994.6364241891118,간접역세권
1508,신사미성,546.2422751928865,간접역세권
1509,신사성원,286.77159992826745,역세권
1510,신사신성,772.4057459103286,간접역세권
1511,신사씨티,1024.4734024238348,간접역세권
1512,신사이랜드타운,851.2055135634829,간접역세권
1513,신사한신휴플러스,773.2343392580573,간접역세권
1514,신사현대2차,762.036060543508,간접역세권
1515,신성둔촌미소지움1차,578.7296158289106,간접역세권
1516,신성둔촌미소지움2차,657.974708485839,간접역세권
1517,신성수정,666.8115530196794,간접역세권
1518,신수성원,404.5394036489614,역세권
1519,신수세양청마루,425.4443382210528,역세권
1520,신수현대,656.4041940377948,간접역세권
1521,신월2차보람쉬움,1194.9355748047558,간접역세권
1522,신월대림,815.8347872252809,간접역세권
1523,신월대방샤인힐,1271.8135370885186,간접역세권
1524,신월대성유니드,1090.0982292327803,간접역세권
1525,신월대주파크빌,1105.2348327010966,간접역세권
1526,신월삼정그린뷰,1222.686053073299,간접역세권
1527,신월서울가든,665.2898837124401,간접역세권
1528,신월성원,1190.1729014649884,간접역세권
1529,신월수명산SK-VIEW,808.1465745661667,간접역세권
1530,신월시영아파트,1519.7582707497638,역세권아님
1531,신월신안약수,623.2582524106289,간접역세권
1532,신월신안파크,1773.0281020584514,역세권아님
1533,신이문금호어울림,443.5370116800902,역세권
1534,신정5차현대,876.6461188088828,간접역세권
1535,신정6차현대,1540.4958391760429,역세권아님
1536,신정e-편한세상,1205.2189529633788,간접역세권
1537,신정뉴타운두산위브,647.2803740180897,간접역세권
1538,신정뉴타운롯데캐슬,518.7868185474277,간접역세권
1539,신정대림,747.1798403872261,간접역세권
1540,신정대성유니드아파트2차,370.64405468870217,역세권
1541,신정동아이파크,421.86069893279307,역세권
1542,신정동일하이빌,1514.1877123443633,역세권아님
1543,신정명지해드는터,677.8521454345744,간접역세권
1544,신정삼성SH임대,652.8896255789833,간접역세권
1545,신정세양청마루,622.4559638684448,간접역세권
1546,신정숲속마을아파트,1710.9094584670172,역세권아님
1547,신정쌍용,713.1536186151872,간접역세권
1548,신정양천,354.5033885480727,역세권
1549,신정이든채,1863.0828340091134,역세권아님
1550,신정이펜하우스1단지(총세대 기준),2334.00871937568,역세권아님
1551,신정이펜하우스2단지,2032.9185805736497,역세권아님
1552,신정이펜하우스3단지,2080.6664916855625,역세권아님
1553,신정이펜하우스4단지,2136.330581460054,역세권아님
1554,신정이펜하우스5단지,2014.0168026609279,역세권아님
1555,신정청구아파트,514.1041952952722,간접역세권
1556,신정푸른마을1단지임대,1687.287937470366,역세권아님
1557,신정푸른마을2단지,1708.8810745222202,역세권아님
1558,신정푸른마을3단지,1709.1196836528902,역세권아님
1559,신정푸른마을4단지,1433.8809542721015,간접역세권
1560,신정학마을1단지,1509.7419133924366,역세권아님
1561,신정학마을2단지,1413.633121451702,간접역세권
1562,신정학마을3단지,1070.5186627393919,간접역세권
1563,신정현대,797.3732255286028,간접역세권
1564,신창세방리버하이빌,684.4484627959893,간접역세권
1565,신천장미1차2차,406.50223901042125,역세권
1566,신촌그랑자이아파트,185.1413699565059,초역세권
1567,신촌금호,337.5108703292305,역세권
1568,신촌숲 아이파크 아파트,158.43139146274652,초역세권
1569,신촌태영데시앙,448.93245822665995,역세권
1570,신촌푸르지오 아파트,507.6601773488932,간접역세권
1571,신트리1단지,679.5078029209238,간접역세권
1572,신트리2단지,753.2878048090164,간접역세권
1573,신트리3단지,905.4679779292358,간접역세권
1574,신트리4단지,1035.8952477147388,간접역세권
1575,쌍문e-편한세상아파트,681.6660258878641,간접역세권
1576,쌍문경남,688.7464355873875,간접역세권
1577,쌍문극동,691.9007672513827,간접역세권
1578,쌍문금호1차아파트,1166.4432062122053,간접역세권
1579,쌍문금호2차,1052.4791368599188,간접역세권
1580,쌍문대우파크힐아파트,580.8049522889522,간접역세권
1581,쌍문동북한산월드메르디앙,256.7668400020512,역세권
1582,쌍문동익파크,931.7444227716985,간접역세권
1583,쌍문삼성래미안,615.6237433310141,간접역세권
1584,쌍문삼익,956.3491063029118,간접역세권
1585,쌍문성원,1203.5070989928606,간접역세권
1586,쌍문청구,1223.5419645852155,간접역세권
1587,쌍문한양1차,452.51324096228194,역세권
1588,쌍문한양234차,982.3563078471941,간접역세권
1589,쌍문한양5차,853.8059284578093,간접역세권
1590,쌍문한양6차,930.8966410298826,간접역세권
1591,쌍문한양7차,826.0831971601482,간접역세권
1592,쌍문현대1차,1147.7636876558438,간접역세권
1593,쌍문현대2차,1258.376305960183,간접역세권
1594,쌍문현대3차,724.0797333776507,간접역세권
1595,쌍용대치1차,155.291323742132,초역세권
1596,쌍용더플래티넘용마산,127.38387172633375,초역세권
1597,쌍용예가클래식,844.2252512958194,간접역세권
1598,아남,589.7439845354813,간접역세권
1599,아남리치카운티,232.32074994101717,초역세권
1600,아이파크삼성동,452.92362279509996,역세권
1601,아이파크상도동,513.5599841759723,간접역세권
1602,아크로 리버하임,155.03060597617159,초역세권
1603,아크로 서울포레스트,151.37468567838627,초역세권
1604,아크로리버뷰 신반포 ,464.3229734691378,역세권
1605,아크로리버파크,287.94499913246545,역세권
1606,아크로타워스퀘어,280.9038586220718,역세권
1607,아크로힐스논현,442.7048219987515,역세권
1608,아현아이파크,236.40022558654584,초역세권
1609,안암대광,215.18272066348288,초역세권
1610,안암삼성래미안,572.8411419835542,간접역세권
1611,안암삼익,606.6160297181508,간접역세권
1612,암사동한솔아파트,333.8689037952807,역세권
1613,암사삼성광나루,428.0487435429753,역세권
1614,암사선사현대,240.06627520071993,초역세권
1615,암사한강현대,676.9162978194744,간접역세권
1616,압구정 현대(101314차),445.06327716709274,역세권
1617,압구정미성1차,705.4366710773777,간접역세권
1618,압구정미성2차,806.9108079723683,간접역세권
1619,압구정신현대,362.09311657121265,역세권
1620,압구정한양2단지,274.2125335008834,역세권
1621,압구정한양3단지,225.02310768335656,초역세권
1622,압구정한양아파트제1단지,347.767388719905,역세권
1623,압구정현대8차,660.9383305506262,간접역세권
1624,압구정현대아파트,681.8701930470764,간접역세권
1625,약수하이츠아파트(임대),365.7984537441664,역세권
1626,양재리본타워1단지,1180.5470419847193,간접역세권
1627,양재리본타워2단지,2119.4157724824645,역세권아님
1628,양재신영체르니,811.6675037629562,간접역세권
1629,양재우성,2247.736690297785,역세권아님
1630,양재우성KBS(113동),886.908711369122,간접역세권
1631,양천롯데캐슬,1103.8066435642654,간접역세권
1632,양천벽산블루밍,1041.5115803130693,간접역세권
1633,양천중앙하이츠,784.1506366473423,간접역세권
1634,양평거성파스텔,724.7525477804729,간접역세권
1635,양평경남1차,698.9666210243668,간접역세권
1636,양평경남2차아너스빌,346.6846958148093,역세권
1637,양평동6차현대아파트,685.4623579907824,간접역세권
1638,양평동보아파트,227.7145338954822,초역세권
1639,양평동삼천리아파트,918.5250975494132,간접역세권
1640,양평동양,576.4342841425085,간접역세권
1641,양평벽산,782.8484057452976,간접역세권
1642,양평삼성래미안,652.499788945457,간접역세권
1643,양평삼호,466.7129465915082,역세권
1644,양평상록수,741.5935528173562,간접역세권
1645,양평서통한신,739.0124653567959,간접역세권
1646,양평성원,412.4348987524506,역세권
1647,양평신동아아파트,863.8383060856693,간접역세권
1648,양평우림루미아트,719.9756637539821,간접역세권
1649,양평한솔,421.93937963450117,역세권
1650,양평한신,265.3134568235559,역세권
1651,양평현대2차,645.8210034964151,간접역세권
1652,어울림더리버아파트,181.66337540456857,초역세권
1653,엘에이치강남브리즈힐,1363.4161852725056,간접역세권
1654,엠브이아파트,709.2064928293875,간접역세권
1655,여의도공작,278.3797933399399,역세권
1656,여의도광장,326.2853903826314,역세권
1657,여의도대교,554.1622086762334,간접역세권
1658,여의도목화,130.57855103035746,초역세권
1659,여의도미성,128.245816268882,초역세권
1660,여의도삼부,299.79105003485216,역세권
1661,여의도삼익,596.4461804857004,간접역세권
1662,여의도서울,154.40353216761392,초역세권
1663,여의도수정,482.32435496404804,역세권
1664,여의도시범아파트,777.4407394195,간접역세권
1665,여의도은하,621.5833165921399,간접역세권
1666,여의도자이,244.30187294440594,초역세권
1667,여의도장미,424.8968924991566,역세권
1668,여의도진주,425.4297661421979,역세권
1669,여의도초원,566.5842042750431,간접역세권
1670,여의도한양,591.1260130506507,간접역세권
1671,여의도화랑,598.1735750961998,간접역세권
1672,역삼2차아이파크,91.56979212977068,초역세권
1673,역삼e-편한세상,365.78449550545275,역세권
1674,역삼개나리,501.1509026728147,간접역세권
1675,역삼개나리래미안,670.1692866859174,간접역세권
1676,역삼개나리푸르지오,463.87750739673135,역세권
1677,역삼금호어울림,835.7640068991179,간접역세권
1678,역삼동부센트레빌,231.26331952231257,초역세권
1679,역삼래미안,286.0500923952586,역세권
1680,역삼래미안팬타빌,441.29230284790265,역세권
1681,역삼럭키,726.2562855833517,간접역세권
1682,역삼삼익,588.7409889207529,간접역세권
1683,역삼아이파크,684.9598368867804,간접역세권
1684,역삼우성,501.8008316287309,간접역세권
1685,역삼자이아파트,573.9171036319473,간접역세권
1686,역삼푸르지오,617.4782179906044,간접역세권
1687,역삼한스빌아파트,731.2233705459265,간접역세권
1688,역촌센트레빌,981.7554182866163,간접역세권
1689,연희대림아파트,1448.2469359642707,간접역세권
1690,연희대우,604.6884500884643,간접역세권
1691,연희성원,1176.0566547358262,간접역세권
1692,연희임광아파트,903.8204135680235,간접역세권
1693,연희파크푸르지오 아파트 ,1288.359286149894,간접역세권
1694,염리삼성래미안,437.8129657444236,역세권
1695,염리상록,606.3902699159131,간접역세권
1696,염창 일신건영휴먼빌아파트,588.3560698775152,간접역세권
1697,염창1차보람더하임,422.9412301727923,역세권
1698,염창2차한화꿈에그린,144.77113188137363,초역세권
1699,염창강변성원,792.8389112880002,간접역세권
1700,염창강변월드메르디앙,309.75473250794875,역세권
1701,염창강변한솔솔파크,480.92038634513426,역세권
1702,염창관음삼성,395.3522396846163,역세권
1703,염창극동,552.9222697079056,간접역세권
1704,염창극동상록수,326.67759580465724,역세권
1705,염창금호,308.17894828196773,역세권
1706,염창동아1차,806.2464521995718,간접역세권
1707,염창동아3차,400.42043728010924,역세권
1708,염창롯데캐슬,236.94272001951168,초역세권
1709,염창무학,212.69522591767225,초역세권
1710,염창벽산늘푸른,380.11959214869614,역세권
1711,염창신동아,594.6064002391208,간접역세권
1712,염창우성1차,684.2621996635465,간접역세권
1713,염창우성2차,655.719986761082,간접역세권
1714,염창우성3차,170.3493547182857,초역세권
1715,염창월드메르디앙,671.1416976355362,간접역세권
1716,염창태영송화,334.7908836689612,역세권
1717,염창태진한솔,220.9873743856462,초역세권
1718,염창한강동아(2차),792.3691148017239,간접역세권
1719,염창한마음삼성,484.7009040889196,역세권
1720,염창한화꿈에그린,208.78893996235715,초역세권
1721,염창현대1차,653.0984072604148,간접역세권
1722,영등포 중흥S-클래스,870.7267925287276,간접역세권
1723,영등포경남아너스빌,258.052146189293,역세권
1724,영등포두산위브,429.0403332536643,역세권
1725,영등포삼환,600.5637142197032,간접역세권
1726,영등포아트자이,805.1126546340028,간접역세권
1727,영등포푸르지오,469.51722254782334,역세권
1728,영화 아이닉스,1023.948451906433,간접역세권
1729,예성그린캐슬아파트,935.4906457844147,간접역세권
1730,오금대림,317.978117183534,역세권
1731,오금삼성,415.58561087412704,역세권
1732,오금아남,547.1603784762407,간접역세권
1733,오금우방,567.7433038957561,간접역세권
1734,오금현대백조,283.3523620463678,역세권
1735,오금현대백조(임대),233.06063382922878,초역세권
1736,오금현대아파트,364.54945305769917,역세권
1737,오동공원현대홈타운,1006.2870547881157,간접역세권
1738,오류금강,271.5827618048214,역세권
1739,오류금강수목원,592.3434790903311,간접역세권
1740,오류금호어울림,701.5780866960245,간접역세권
1741,오류동 영풍마드레빌,546.3575175007004,간접역세권
1742,오류동부골든,709.4065080975452,간접역세권
1743,오류동부골든SH임대,709.4065080975452,간접역세권
1744,오류동부덕고개,361.7687367225743,역세권
1745,오류동선,528.3441234020298,간접역세권
1746,오류라인,280.74220594465805,역세권
1747,오류삼천리,520.6693388563333,간접역세권
1748,오류푸르지오,466.9120599364729,역세권
1749,오류한신플러스타운,575.7386765526218,간접역세권
1750,오목교벽산블루밍아파트,633.520190816363,간접역세권
1751,오픈아파트,918.9470511118743,간접역세권
1752,옥수강변풍림아이원,222.37307600058108,초역세권
1753,옥수극동,633.160915125454,간접역세권
1754,옥수극동그린아파트,715.3582124230753,간접역세권
1755,옥수삼성,393.1944721662075,역세권
1756,옥수삼성임대,421.4477876743064,역세권
1757,옥수중앙하이츠,160.90395404718547,초역세권
1758,옥수파크힐스아파트,277.4201462459202,역세권
1759,옥수하이츠제2,160.90395404718547,초역세권
1760,옥수현대,334.8506994884195,역세권
1761,온수힐스테이트,581.3016350759351,간접역세권
1762,올림픽선수기자촌아파트,506.5547014530253,간접역세권
1763,올림픽파크한양수자인,703.0385888732038,간접역세권
1764,올림픽훼밀리타운,560.1200634985214,간접역세권
1765,왕십리 자이 아파트,518.6887321340421,간접역세권
1766,왕십리텐즈힐1단지(임대),332.7880124536089,역세권
1767,왕십리텐즈힐2구역214동,668.8001147395178,간접역세권
1768,왕십리풍림아이원,445.15421283009977,역세권
1769,용두 롯데 캐슬리치 아파트,416.35243623243053,역세권
1770,용두두산위브,174.4564238096057,초역세권
1771,용두롯데캐슬피렌체,143.7760929788961,초역세권
1772,용두신동아,533.7537567914335,간접역세권
1773,용마금호타운,562.978555615059,간접역세권
1774,용마동아아파트,584.949885475945,간접역세권
1775,용마산금호어울림,513.4418374891357,간접역세권
1776,용마산하늘채아파트,201.22855724976407,초역세권
1777,용마한신,613.3959785716715,간접역세권
1778,용마한신2차아파트,528.4532169119245,간접역세권
1779,용산 베르디움 프렌즈,222.17699331783288,초역세권
1780,용산e-편한세상,520.3068839470288,간접역세권
1781,용산kcc스위첸,188.45445156520935,초역세권
1782,용산더프라임,152.42516419360243,초역세권
1783,용산롯데캐슬센터포레아파트,243.69449948181145,초역세권
1784,용산센트럴파크 해링턴스퀘어 ,342.7531318308582,역세권
1785,우리유앤미,714.316936995682,간접역세권
1786,우림루미아트1.2단지,369.3446505550929,역세권
1787,우면대림,1481.5763754679076,간접역세권
1788,우면동동고,1655.5904170872368,역세권아님
1789,우면코오롱,1423.2432070163995,간접역세권
1790,우이대우,198.33260964069632,초역세권
1791,우이동성원아파트,172.94360709164687,초역세권
1792,우장산롯데2차,625.7924483773775,간접역세권
1793,우장산롯데3차,1030.951312700324,간접역세권
1794,우장산롯데캐슬,888.867933132001,간접역세권
1795,우장산아이파크이편한세상,360.0995595959963,역세권
1796,우장산에스케이뷰,598.6034224904524,간접역세권
1797,우장산한화꿈에그린,997.444353165867,간접역세권
1798,우장산힐스테이트,459.9925384570607,역세권
1799,워커힐아파트,612.0922050521186,간접역세권
1800,워커힐푸르지오,714.9081375166733,간접역세권
1801,원효로강변삼성스위트,653.7984814178097,간접역세권
1802,원효산호,857.4869656000241,간접역세권
1803,월계2차한일,268.22602784715167,역세권
1804,월계6-1초안,1279.3689963830093,간접역세권
1805,월계6-2초안,1415.313875950688,간접역세권
1806,월계그랑빌,411.18510425791766,역세권
1807,월계극동,1207.8343698053131,간접역세권
1808,월계대동,222.50072745715133,초역세권
1809,월계대우아파트,658.3217231276353,간접역세권
1810,월계동신,476.4474081776112,역세권
1811,월계동원베네스트,173.15199237457855,초역세권
1812,월계동현대,505.9964724190936,간접역세권
1813,월계사슴1단지,381.45966609821954,역세권
1814,월계사슴2단지,215.4567006784374,초역세권
1815,월계사슴3단지,155.60325612804303,초역세권
1816,월계삼창,594.0901682806416,간접역세권
1817,월계삼호4차,382.09505763210944,역세권
1818,월계서광,326.691692657772,역세권
1819,월계센트럴아이파크아파트,346.225584569727,역세권
1820,월계시영고층,349.53211338982857,역세권
1821,월계역신도브래뉴,464.1092973919491,역세권
1822,월계우남아파트,186.73511561468402,초역세권
1823,월계유원,1235.105015574639,간접역세권
1824,월계주공2단지,946.3634962238751,간접역세권
1825,월계청백3단지,769.0470876068262,간접역세권
1826,월계청백4단지,648.4372803416952,간접역세권
1827,월계초안산쌍용,1309.1891364354542,간접역세권
1828,월계풍림아이원,201.26510255324567,초역세권
1829,월계한일1차,185.8079151561218,초역세권
1830,월계흥화브라운빌,1318.7557759353306,간접역세권
1831,월곡2SHville임대,489.04600972355354,역세권
1832,월곡3SH-vill,711.278670663327,간접역세권
1833,월곡두산위브아파트,629.7146746102126,간접역세권
1834,월곡두산제2아파트임대,407.89084182798354,역세권
1835,월곡래미안루나밸리,322.3477660780953,역세권
1836,월드컵아이파크1단지,128.05167350350078,초역세권
1837,월드컵참누리,547.4868520568888,간접역세권
1838,월드컵현대,272.1545231490279,역세권
1839,위례 송파푸르지오,1306.1436831795666,간접역세권
1840,위례2차아이파크아파트,1275.3343336314488,간접역세권
1841,위례중앙푸르지오아파트,1417.1589417900655,간접역세권
1842,위례포레샤인13단지아파트,1051.6308726598595,간접역세권
1843,위례포레샤인15단지,812.8608594098944,간접역세권
1844,위례포레샤인18단지,910.2822644303402,간접역세권
1845,위례포레샤인아파트,738.6630481689115,간접역세권
1846,유원강변,313.9907554086607,역세권
1847,유원목동,329.8928035209967,역세권
1848,은뜨락행복주택,738.7480273807554,간접역세권
1849,은마,370.0902915991229,역세권
1850,은평뉴타운구파발10단지1관리,659.3661733983829,간접역세권
1851,은평뉴타운구파발10단지2관리,1005.2537796967554,간접역세권
1852,은평뉴타운구파발10단지3관리,775.0092112045951,간접역세권
1853,은평뉴타운구파발9-2단지,902.0879630213816,간접역세권
1854,은평뉴타운구파발9단지1관리,160.41141591868228,초역세권
1855,은평뉴타운기자촌11단지,1262.725225418,간접역세권
1856,은평뉴타운마고정11단지,480.94558842062634,역세권
1857,은평뉴타운마고정2단지,548.9699586433181,간접역세권
1858,은평뉴타운마고정3단지,829.894991482007,간접역세권
1859,은평뉴타운박석고개13단지아파트,374.59969646674847,역세권
1860,은평뉴타운박석고개1단지,379.0570872114432,역세권
1861,은평뉴타운박석고개제12단지아파트,572.9981790628719,간접역세권
1862,은평뉴타운상림마을10단지,1528.9212513645666,역세권아님
1863,은평뉴타운상림마을11단지,823.9709779308039,간접역세권
1864,은평뉴타운상림마을12단지,556.7951044943032,간접역세권
1865,은평뉴타운상림마을13단지,1434.7243486844302,간접역세권
1866,은평뉴타운상림마을14단지,1584.2534511458555,역세권아님
1867,은평뉴타운상림마을1단지,636.6469976287892,간접역세권
1868,은평뉴타운상림마을2단지,1296.7818602233747,간접역세권
1869,은평뉴타운상림마을4단지,1580.0938516671704,역세권아님
1870,은평뉴타운상림마을5단지,1598.3377192193548,역세권아님
1871,은평뉴타운상림마을6단지,519.6174441031397,간접역세권
1872,은평뉴타운상림마을6단지 제1아파트(8단지 푸르지오),1917.2039884184762,역세권아님
1873,은평뉴타운상림마을7단지,2130.916553485438,역세권아님
1874,은평뉴타운상림마을제3단지,1662.1483729949432,역세권아님
1875,은평뉴타운우물골5단지,811.6589883635764,간접역세권
1876,은평뉴타운우물골6단지,519.6174441031397,간접역세권
1877,은평뉴타운우물골7단지,824.0167604380431,간접역세권
1878,은평뉴타운우물골8단지,1120.4912002974734,간접역세권
1879,은평뉴타운제각말5단지제1,1112.248267201668,간접역세권
1880,은평뉴타운제각말5단지제2,1222.3114938354286,간접역세권
1881,은평뉴타운제각말5단지제3관리사무소,346.65920062033393,역세권
1882,은평뉴타운제각말5단지제4,288.09892589818946,역세권
1883,은평뉴타운폭포동4단지제1,1206.8354729465348,간접역세권
1884,은평뉴타운폭포동4단지제2,1413.8377791035807,간접역세권
1885,은평뉴타운폭포동4단지제3,1977.1205644690847,역세권아님
1886,은평스카이뷰자이아파트,196.44082880337461,초역세권
1887,응봉금호현대,339.06884650511904,역세권
1888,응봉대림1차,249.00048038413183,초역세권
1889,응봉대림2차,339.80485708752536,역세권
1890,응봉대림강변,408.49568367473876,역세권
1891,응봉신동아,441.8996908761132,역세권
1892,응암경남,942.3087555343476,간접역세권
1893,응암금호,591.040584498557,간접역세권
1894,응암신동아,720.2712979713821,간접역세권
1895,응암역효성해링턴플레이스,559.1291721188734,간접역세권
1896,응암우성,699.7117374104607,간접역세권
1897,응암푸르지오,930.4839412088533,간접역세권
1898,이문e-편한세상,387.131990148569,역세권
1899,이문대우1차,233.8347564568662,초역세권
1900,이문삼성래미안아파트,763.7597182640768,간접역세권
1901,이문삼익아파트,354.9598435657133,역세권
1902,이문쌍용,252.43496969428753,역세권
1903,이문쌍용임대,55.238548027048274,초역세권
1904,이문중앙하이츠빌,106.05798910400847,초역세권
1905,이문현대,262.7254322724267,역세권
1906,이문현대임대,313.0578583014585,역세권
1907,이수교스위첸,610.9041848762034,간접역세권
1908,이수역리가,592.5602321825702,간접역세권
1909,이수힐스테이트,898.7863215181092,간접역세권
1910,이촌,403.05195105205155,역세권
1911,이촌강촌아파트,551.7508462419759,간접역세권
1912,이촌대림,1014.0688940446438,간접역세권
1913,이촌동부센트레빌,700.2701370320183,간접역세권
1914,이촌동삼성리버스위트,599.8176334356698,간접역세권
1915,이촌동아그린아파트,871.0263890061456,간접역세권
1916,이촌반도,648.2850595573312,간접역세권
1917,이촌왕궁,664.7969365805473,간접역세권
1918,이촌한강맨션,453.11051691042616,역세권
1919,이촌현대,687.8330360163365,간접역세권
1920,이태원남산대림,697.923316007825,간접역세권
1921,이튼타워리버3차,201.69072942297112,초역세권
1922,이튼타워리버5차,222.59023666367293,초역세권
1923,이편한세상 상도 노빌리티,259.5782518262375,역세권
1924,이편한세상 송파파크센트럴,214.95423826420605,초역세권
1925,이편한세상보문,337.15323655658574,역세권
1926,이편한세상서울대입구2차(5단지),475.34368043609845,역세권
1927,인왕산2차아이파크아파트,221.26933463780702,초역세권
1928,인왕산벽산아파트,536.628623485468,간접역세권
1929,인왕산아이파크,286.9136781432191,역세권
1930,인왕산현대,206.3120611127106,초역세권
1931,일원동 수서아파트,953.7095411928349,간접역세권
1932,일원목련타운,170.30966342322452,초역세권
1933,일원샘터마을,169.8357641204994,초역세권
1934,임광관악파크,1858.0675649310488,역세권아님
1935,자양 호반써밋아파트,378.8897742438977,역세권
1936,자양2차현대,445.53416582306187,역세권
1937,자양7차현대홈타운,315.05108899088515,역세권
1938,자양경남,1076.1676106061766,간접역세권
1939,자양경남아너스빌,866.8565765143713,간접역세권
1940,자양대동,531.4783587787257,간접역세권
1941,자양동삼성아파트,444.49256722585903,역세권
1942,자양로얄동아,1063.6581229088904,간접역세권
1943,자양우방리버파크,342.6381701939082,역세권
1944,자양우성1차,842.8259400282733,간접역세권
1945,자양우성2차,634.5746112361728,간접역세권
1946,자양우성3차,547.5775188696897,간접역세권
1947,자양우성7차,616.7705668733335,간접역세권
1948,자양한강극동,309.8961066909728,역세권
1949,자양한강현대,173.1503049513405,초역세권
1950,자양한라,545.14271714168,간접역세권
1951,자양한양,518.7212118581965,간접역세권
1952,자양현대,1042.5472218358054,간접역세권
1953,자양현대3차,968.9069747742927,간접역세권
1954,자양현대5차,1072.6501711946153,간접역세권
1955,자양현대6차,461.46180768404196,역세권
1956,자양현대홈타운10차,397.4566638657713,역세권
1957,자양현대홈타운8차,512.3549488448679,간접역세권
1958,잠실5단지아파트,673.1473480379226,간접역세권
1959,잠실동트리지움,473.2801956511605,역세권
1960,잠실레이크팰리스,675.4367465354936,간접역세권
1961,잠실리센츠,234.03553902924295,초역세권
1962,잠실아시아선수촌,478.84802743934387,역세권
1963,잠실엘스아파트 ,234.03553902924295,초역세권
1964,잠실올림픽공원아이파크,763.3019767007078,간접역세권
1965,잠실우성123차,461.76807857559635,역세권
1966,잠실우성4차,1025.5834620803528,간접역세권
1967,잠실파크리오,491.22981759462834,역세권
1968,잠실한솔,287.1568659763179,역세권
1969,잠실한양3차,470.80228032303893,역세권
1970,잠실현대,858.8665382721499,간접역세권
1971,잠원녹원한신,74.85190062898673,초역세권
1972,잠원동대우아이빌,270.33160243314416,역세권
1973,잠원동아,150.72043932918646,초역세권
1974,잠원롯데캐슬갤럭시1차,537.3444888462952,간접역세권
1975,잠원신화,393.5913915803212,역세권
1976,잠원킴스빌리지,447.4469764581577,역세권
1977,잠원한신,354.5036698479633,역세권
1978,잠원한신4지구(8차~11차17차),160.02144887805127,초역세권
1979,잠원한신그린,302.7868132434236,역세권
1980,잠원한신로얄,191.54012000050366,초역세권
1981,잠원현대,648.5949792764403,간접역세권
1982,잠원훼미리 아파트,577.7114336100573,간접역세권
1983,장미3차,285.39864629686053,역세권
1984,장안2차현대홈타운,998.1348828771256,간접역세권
1985,장안한신,1459.3902767270745,간접역세권
1986,장안현대,1347.9445277483899,간접역세권
1987,장안현대홈타운,963.6648847831331,간접역세권
1988,장안현대힐스테이트,1033.2434594457225,간접역세권
1989,장월SH-VILLE1단지,1239.1635439461477,간접역세권
1990,장위우방아파트,152.3918293832481,초역세권
1991,장위참누리,1090.413230567001,간접역세권
1992,전농SK,1194.1698218889908,간접역세권
1993,전농SK제2(임대),1418.972414292583,간접역세권
1994,전농동신성미소지움아파트,257.79200686078065,역세권
1995,전농동아,550.7525008588415,간접역세권
1996,전농동아임대,543.8478735296657,간접역세권
1997,전농삼성,798.2903234459998,간접역세권
1998,전농우성,1503.1400141763033,역세권아님
1999,정릉1차e-편한세상,352.3071352170786,역세권
2000,정릉2차 e편한세상,545.8955227303042,간접역세권
2001,정릉2차대주피오레,412.27294323119804,역세권
2002,정릉경남,365.0559626591594,역세권
2003,정릉꿈에그린아파트,231.79211434719528,초역세권
2004,정릉대우,749.8121002373459,간접역세권
2005,정릉산장,708.5414486787796,간접역세권
2006,정릉성원,612.4371346899323,간접역세권
2007,정릉스카이쌍용,504.46358067724293,간접역세권
2008,정릉쌍용,559.6364386026554,간접역세권
2009,정릉우방아파트,437.5854016713069,역세권
2010,정릉우성,272.130394842232,역세권
2011,정릉우정에쉐르,381.8217955248588,역세권
2012,정릉중앙하이츠,981.9656247232349,간접역세권
2013,정릉중앙하이츠빌1단지,291.94519425117244,역세권
2014,정릉중앙하이츠빌2단지,448.34083283861855,역세권
2015,정릉푸르지오,489.03658522560477,역세권
2016,정릉푸른마을동아,509.8882182184411,간접역세권
2017,정릉풍림아이원,620.9186562009243,간접역세권
2018,정릉풍림아이원임대,405.8219389709789,역세권
2019,정릉힐스테이트,178.18124750834693,초역세권
2020,정릉힐스테이트1차아파트,458.1930840542011,역세권
2021,정릉힐스테이트3차,231.0847592229122,초역세권
2022,제기경동미주,137.45322821324456,초역세권
2023,제기안암골벽산,425.1680277812134,역세권
2024,제기이수브라운스톤,482.03621418493003,역세권
2025,제기한신,315.0841775579682,역세권
2026,제기한신제2임대아파트,315.0841775579682,역세권
2027,제기현대,220.6300583207779,초역세권
2028,종로센트레빌,159.08924394077513,초역세권
2029,종로청계힐스테이트,355.7065260607403,역세권
2030,종암2차SK뷰,592.9385043454448,간접역세권
2031,종암2차아이파크,850.9838238971502,간접역세권
2032,종암SK,412.40786927994174,역세권
2033,종암SK제2,585.725663733488,간접역세권
2034,종암sh빌아파트,807.0130661564215,간접역세권
2035,종암극동아파트,578.672651772767,간접역세권
2036,종암삼성래미안,522.5523628335752,간접역세권
2037,종암선경아파트,488.33122613066894,역세권
2038,종암아이파크1차,434.8427403122721,역세권
2039,중계3벽산,732.3308708501978,간접역세권
2040,중계4단지목화,483.53940094646543,역세권
2041,중계건영2차,381.55718627179647,역세권
2042,중계건영3차,1035.3591200094556,간접역세권
2043,중계경남롯데상아,554.6509281528372,간접역세권
2044,중계경남아너스빌,336.6756451396238,역세권
2045,중계그린,284.7597834252131,역세권
2046,중계금호,1519.916373210517,역세권아님
2047,중계대림벽산,1180.4414280697765,간접역세권
2048,중계라이프신동아청구아파트,1154.2097013201528,간접역세권
2049,중계무지개아파트,287.2357637237326,역세권
2050,중계삼성,1532.256342805043,역세권아님
2051,중계성원1차,801.4271667945279,간접역세권
2052,중계성원2차,148.94758433539414,초역세권
2053,중계센트럴파크아파트,443.03436455427874,역세권
2054,중계시영3단지목련,468.00730268809394,역세권
2055,중계신안,1008.2952764706458,간접역세권
2056,중계양지대림1차,942.9888167407776,간접역세권
2057,중계양지대림2-2임대,685.3264970690983,간접역세권
2058,중계양지대림2차,799.7220564509975,간접역세권
2059,중계염광아름빌,524.705800147739,간접역세권
2060,중계우성3차,941.1184832740051,간접역세권
2061,중계주공10단지,883.5965978118763,간접역세권
2062,중계주공1단지,387.5503553674437,역세권
2063,중계주공2단지,507.21894258052924,간접역세권
2064,중계주공4단지,637.0032430659038,간접역세권
2065,중계주공5단지,889.1972647483638,간접역세권
2066,중계주공6단지,1317.819275373475,간접역세권
2067,중계주공7단지,1382.323639072958,간접역세권
2068,중계주공8단지,991.4492201264006,간접역세권
2069,중계주공9단지,892.6911439342593,간접역세권
2070,중계중앙하이츠,316.3517993178175,역세권
2071,중계중앙하이츠아쿠아,289.5504052355367,역세권
2072,중계청구3차,1117.4679862966582,간접역세권
2073,중계청암3단지,541.2501042967116,간접역세권
2074,중계한화꿈에그린,1660.5803717968279,역세권아님
2075,중계한화꿈에그린더퍼스트,194.56921299734935,초역세권
2076,중계현대1차,1685.896581449591,역세권아님
2077,중계현대2차,1722.166170751388,역세권아님
2078,중계현대2차(4동),555.647128585904,간접역세권
2079,중계현대3차,1370.8221876320058,간접역세권
2080,중계현대6차,1599.844234681118,역세권아님
2081,중계현대그린,1793.5812450246642,역세권아님
2082,중곡SK,380.38456988207645,역세권
2083,중동계룡,592.4983565663186,간접역세권
2084,중랑숲Liga아파트,537.4444561370982,간접역세권
2085,중랑숲금호어울림,429.9490277602233,역세권
2086,중랑해모로,474.53173254448797,역세권
2087,중림삼성래미안아파트,297.51886845233616,역세권
2088,중림삼성사이버빌리지,251.87405924133833,역세권
2089,중앙구로하이츠,854.3342320122078,간접역세권
2090,중화극동,417.69572553390014,역세권
2091,중화한신아파트,245.85315407196626,초역세권
2092,진로유통조합아파트(진로대림아파트),1549.9708829731728,역세권아님
2093,창동건영캐스빌,807.6981689725761,간접역세권
2094,창동금용,875.8310411572769,간접역세권
2095,창동금호어울림,642.5375553360285,간접역세권
2096,창동대동,640.1180687676832,간접역세권
2097,창동대림,178.65946652846185,초역세권
2098,창동대우,745.250870733382,간접역세권
2099,창동대우그린아파트,230.90939359949954,초역세권
2100,창동동아,312.37448154053817,역세권
2101,창동동아그린,187.55364126045757,초역세권
2102,창동동아청솔,456.1624695458546,역세권
2103,창동북한산아이파크,633.7741418756975,간접역세권
2104,창동삼성,459.77404769550134,역세권
2105,창동상아1차,489.045523429346,역세권
2106,창동상아2차,317.0255802955438,역세권
2107,창동서울가든아파트,616.8796243975216,간접역세권
2108,창동성원,832.8169489969092,간접역세권
2109,창동수산트리플아파트,771.1620480011795,간접역세권
2110,창동신도브래뉴,453.38435182317414,역세권
2111,창동신창,940.4567325578943,간접역세권
2112,창동쌍용,744.2934214145691,간접역세권
2113,창동아이파크(창동2.3차현대),735.8095415713105,간접역세권
2114,창동주공18단지,220.34228907962506,초역세권
2115,창동주공19단지,548.434166402914,간접역세권
2116,창동주공1단지,677.7428909259478,간접역세권
2117,창동주공2단지,479.2042221619907,역세권
2118,창동주공3단지,386.04202060398626,역세권
2119,창동주공4단지,362.3493192957929,역세권
2120,창동태영데시앙,644.5626660019111,간접역세권
2121,창동한승미메이드,1399.1852958786897,간접역세권
2122,창동한신,323.09817597966116,역세권
2123,창동현대,670.1627590668758,간접역세권
2124,창동현대4차아이파크,657.43461248512,간접역세권
2125,창동현대타운(주복),177.69265728098438,초역세권
2126,창신두산,258.52612977351794,역세권
2127,창신쌍용1단지,143.71087906805636,초역세권
2128,창신쌍용아파트 2단지,324.22576601157175,역세권
2129,창전삼성,409.8257711332988,역세권
2130,창전현대홈타운,361.6446543378241,역세권
2131,천왕연지타운1단지,1036.210739016012,간접역세권
2132,천왕연지타운2단지,677.0627757696294,간접역세권
2133,천왕이펜하우스1단지,433.2779484695406,역세권
2134,천왕이펜하우스2단지,197.15838645637717,초역세권
2135,천왕이펜하우스6단지,945.315358493263,간접역세권
2136,천왕이펜하우스8단지,1224.3817606401797,간접역세권
2137,천호e-편한세상,668.0196092391196,간접역세권
2138,천호금호,92.52755642573838,초역세권
2139,천호동아하이빌,747.0694522437824,간접역세권
2140,천호삼성아파트,406.05639197465473,역세권
2141,천호삼성임대,296.01487386827233,역세권
2142,천호삼익,197.35993763935184,초역세권
2143,천호우성,488.18199453149475,역세권
2144,천호유원,161.88551615211267,초역세권
2145,천호중앙하이츠,400.0725137797711,역세권
2146,천호코오롱,440.86677598878885,역세권
2147,천호태영,340.4357846819732,역세권
2148,천호태영임대,340.4357846819732,역세권
2149,천호한신,706.6243065249955,간접역세권
2150,천호현대,290.93437005825854,역세권
2151,청계벽산,552.4373101627225,간접역세권
2152,청계벽산아파트제2관리사무소,583.5983651456088,간접역세권
2153,청계한신휴플러스,293.55799812302894,역세권
2154,청광플러스원 아파트,80.22831582640822,초역세권
2155,청구e편한세상(분양),251.52366558254363,역세권
2156,청구e편한세상임대,433.0414407605704,역세권
2157,청담2차e편한세상아파트,593.7534141506164,간접역세권
2158,청담2차현대아파트,487.96353693196863,역세권
2159,청담건영아파트,900.0977975640847,간접역세권
2160,청담대림,500.8207570392611,간접역세권
2161,청담대우유로카운티,546.3685143924943,간접역세권
2162,청담래미안,154.0113911280193,초역세권
2163,청담래미안로이뷰,157.4376492930128,초역세권
2164,청담삼성1차,484.0937360575407,역세권
2165,청담삼성진흥,190.109674328567,초역세권
2166,청담삼익,598.6747308463837,간접역세권
2167,청담삼환,566.9722167778431,간접역세권
2168,청담아이파크아파트,662.5519420086422,간접역세권
2169,청담자이,581.9684535684312,간접역세권
2170,청담현대3차,876.6997015906079,간접역세권
2171,청량리미주,418.5165239013037,역세권
2172,청량리신현대,506.4005239067768,간접역세권
2173,청량리한신,736.4411524191165,간접역세권
2174,청량리한신1차,797.8006246084815,간접역세권
2175,청량리현대,544.1048722118743,간접역세권
2176,청량리홍릉동부,669.5377287760472,간접역세권
2177,청량리홍릉동부임대,602.3481601372972,간접역세권
2178,청솔아파트8,375.99636391355784,역세권
2179,청실아파트,138.81207637425766,초역세권
2180,청암2단지,545.5024979113878,간접역세권
2181,청암자이,493.737070923457,역세권
2182,청화아파트,505.56598512968566,간접역세권
2183,초안산신도브래뉴,1432.4684522573891,간접역세권
2184,충정로 skview 아파트,463.87750739673135,역세권
2185,치현마을동일스위트리버아파트,342.1086663196902,역세권
2186,코오롱하늘채,579.753911608776,간접역세권
2187,코오롱하늘채아파트,366.79975681920024,역세권
2188,태릉현대,618.9503811184701,간접역세권
2189,태흥아파트,2026.1263943460963,역세권아님
2190,테헤란 IPARK,370.1459217072198,역세권
2191,텐즈힐1단지,332.7880124536089,역세권
2192,텐즈힐2구역,536.1610030466044,간접역세권
2193,토정한강삼성,406.1610956843144,역세권
2194,트리마제,565.6970207495316,간접역세권
2195,파라다이스,382.82916155208795,역세권
2196,파크하비오푸르지오아파트,309.0425898715823,역세권
2197,평창롯데,2868.945116799207,역세권아님
2198,평창삼성,2619.727653897225,역세권아님
2199,포레나노원 아파트,427.9357626381091,역세권
2200,푸른마을아파트,292.42606159817154,역세권
2201,풍납 현대리버빌1차,460.67316505456205,역세권
2202,풍납극동,531.487513527973,간접역세권
2203,풍납동아한가람,725.3275666213026,간접역세권
2204,풍납미성,732.8556728901013,간접역세권
2205,풍납시티극동,491.1548612677868,역세권
2206,풍납신성노바빌,609.771507388492,간접역세권
2207,풍납쌍용,421.51932946735724,역세권
2208,풍납한강극동,724.1015376483639,간접역세권
2209,풍납현대,182.51530828853592,초역세권
2210,프라비다2,264.33248435155224,역세권
2211,프라이어팰리스,462.18648393566735,역세권
2212,하계1차청구아파트,432.19655474881716,역세권
2213,하계2차현대아파트,684.6798606852404,간접역세권
2214,하계6단지(장미),294.31546297270165,역세권
2215,하계극동건영벽산,291.2695091295962,역세권
2216,하계미성,230.88980197326617,초역세권
2217,하계삼익선경,842.6281150748338,간접역세권
2218,하계시영5단지,402.1922350356131,역세권
2219,하계우방,825.6105731122565,간접역세권
2220,하계청구,172.05656228756533,초역세권
2221,하계청솔,530.9693918414141,간접역세권
2222,하계학여울청구,374.8494381933926,역세권
2223,하계학여울청구A,414.6452182972275,역세권
2224,하계학여울청구B,509.55080277282184,간접역세권
2225,하계한신,172.05656228756533,초역세권
2226,하계한신동성,770.7392396294356,간접역세권
2227,하계현대우성,149.57649383185603,초역세권
2228,하왕극동미라주,515.8113991806711,간접역세권
2229,하왕금호베스트빌,480.878867713126,역세권
2230,하왕십리극동미라주2,595.2921398341635,간접역세권
2231,하월곡동신,613.7592477321739,간접역세권
2232,하월곡샹그레빌,604.3621905542138,간접역세권
2233,하월곡아남,730.8603100417226,간접역세권
2234,한가람아파트,121.31536545974238,초역세권
2235,한강,694.5619224934406,간접역세권
2236,한강대우,362.6696763887889,역세권
2237,한강로우림필유,627.4260403367178,간접역세권
2238,한강밤섬자이아파트,447.05290827781386,역세권
2239,한강삼익,447.57177775328796,역세권
2240,한강쌍용,79.62878518786385,초역세권
2241,한강아파트,650.3027859348758,간접역세권
2242,한강우성아파트,143.82709598831661,초역세권
2243,한강타운,546.6136277204689,간접역세권
2244,한강타운아파트,465.8438820728943,역세권
2245,한남더힐,745.9394483582248,간접역세권
2246,한남아이파크,370.79712310831695,역세권
2247,한남하이츠,351.735488948747,역세권
2248,한남힐스테이트,478.7408591486767,역세권
2249,한사랑2차삼성아파트(등촌동),387.15161161060803,역세권
2250,한솔리베르,999.003931408655,간접역세권
2251,한솔마을,698.7210892304934,간접역세권
2252,한신무학,238.3836611486201,초역세권
2253,한신코아,369.52888346552834,역세권
2254,한양수자인사가정파크아파트,455.4356838116307,역세권
2255,한양아파트,713.6165032720799,간접역세권
2256,한양현대아파트,192.17024582522535,초역세권
2257,한일써너스빌아파트,261.961435051983,역세권
2258,한일유앤아이,600.7026468329734,간접역세권
2259,한진해모로,265.37033999860364,역세권
2260,항동 한양수자인 에듀힐즈,1671.4947003096268,역세권아님
2261,항동중흥S클래스베르데카운티,1168.4508937382966,간접역세권
2262,항동하버라인2단지,1176.0237721495512,간접역세권
2263,항동하버라인3단지,1487.6612141649568,간접역세권
2264,항동하버라인4단지아파트,1204.2966208511837,간접역세권
2265,항동하버라인8단지,1893.936537724361,역세권아님
2266,해모로,1015.41098891864,간접역세권
2267,해주드림빌아파트,245.52768904827153,초역세권
2268,해태보라매타워,873.7772899856606,간접역세권
2269,행당대림,217.8385703191899,초역세권
2270,행당대림제2,217.8385703191899,초역세권
2271,행당두산,355.8872909055756,역세권
2272,행당두산위브아파트,130.1639610073664,초역세권
2273,행당브라운스톤,178.29081841812132,초역세권
2274,행당한진타운,144.80485381528632,초역세권
2275,행당한진타운제2,351.10838027164255,역세권
2276,헬리오시티아파트,885.5801185447555,간접역세권
2277,현대3,572.34811143964,간접역세권
2278,현대강변,965.4303081026608,간접역세권
2279,현대공무원,1484.8814352683487,간접역세권
2280,현대까르띠에710아파트,497.5750052187299,역세권
2281,현대리버빌2차아파트,380.4523644235765,역세권
2282,현대멤피스아파트,810.6362168178005,간접역세권
2283,현대슈퍼빌,223.14674554852195,초역세권
2284,현대한강,951.1595906736778,간접역세권
2285,현대홈타운12차,71.69802452447941,초역세권
2286,현진에버빌아파트,502.41750809852635,간접역세권
2287,홍은극동,1362.8297900774785,간접역세권
2288,홍은동부센트레빌,445.7954929299391,역세권
2289,홍은동원베네스트,743.7884699362733,간접역세권
2290,홍은두산,1529.207787967439,역세권아님
2291,홍은미성아파트,790.881736443874,간접역세권
2292,홍은벽산,728.0516627528835,간접역세권
2293,홍은유원,872.2410052412032,간접역세권
2294,홍은풍림1차,668.4887233854118,간접역세권
2295,홍은풍림2차,472.5621335863965,역세권
2296,홍은풍림아이원,445.7954929299391,역세권
2297,홍은현대,466.6019516273916,역세권
2298,홍제금호어울림아파트,769.4089155186164,간접역세권
2299,홍제남양,490.9711544910949,역세권
2300,홍제무악청구1차,161.18790093905815,초역세권
2301,홍제삼성래미안,431.0477853685105,역세권
2302,홍제성원아파트,503.8338722852136,간접역세권
2303,홍제센트럴아이파크,496.9451695306833,역세권
2304,홍제원 현대,539.4757391456935,간접역세권
2305,홍제원현대임대,478.8871954162164,역세권
2306,홍제유원하나,1014.9651954779293,간접역세권
2307,홍제유원하나제2,1014.9651954779293,간접역세권
2308,홍제인왕산현대,377.2019262503407,역세권
2309,홍제청구3차,309.8257032987388,역세권
2310,홍제태영으뜸,562.5119531983382,간접역세권
2311,홍제한양,254.4271906073486,역세권
2312,홍제현대그린,476.662390396891,역세권
2313,홍제현대아파트,205.8297794402984,초역세권
2314,화곡2차보람,743.2189778299542,간접역세권
2315,화곡대림아파트,850.3917739228665,간접역세권
2316,화곡미성,506.49968393290646,간접역세권
2317,화곡중앙하이츠,491.5794343835138,역세권
2318,화곡초록,368.9402341545799,역세권
2319,화곡푸르지오,629.3121981814733,간접역세권
2320,화랑해링턴플레이스,548.3335037915102,간접역세권
2321,화양현대,573.6333153826531,간접역세권
2322,회기힐스테이트,420.34969847210607,역세권
2323,효성아파트,358.148120889407,역세권
2324,효창파크푸르지오,356.89209157134815,역세권
2325,후암미주,421.744581630456,역세권
2326,휘경 미소지움아파트,513.2837678060823,간접역세권
2327,휘경 해모로 프레스티지 아파트,501.54191243755565,간접역세권
2328,휘경SK뷰아파트,246.22095443927773,초역세권
2329,휘경동양1.2차,517.8376535399228,간접역세권
2330,휘경동일스위트리버,1005.2011517685926,간접역세권
2331,휘경동일하이빌,1330.6055309317403,간접역세권
2332,휘경롯데1차,541.5511991601477,간접역세권
2333,휘경롯데낙천대,481.946567689732,역세권
2334,휘경베스트빌현대,1260.3073618046762,간접역세권
2335,휘경서울가든,1274.760814792616,간접역세권
2336,휘경센트레빌,704.3590866498441,간접역세권
2337,휘경주공1단지,1365.162900419606,간접역세권
2338,휘경주공2단지,1365.162900419606,간접역세권
2339,흑석동양,643.7133312163094,간접역세권
2340,흑석롯데캐슬에듀포레,588.9143858204704,간접역세권
2341,흑석청호,639.3798858824829,간접역세권
2342,흑석한강센트레빌,315.7078365327754,역세권
2343,흑석한강센트레빌2차,825.7436254013891,간접역세권
2344,흑석한강푸르지오,658.0650848556668,간접역세권
2345,흑석한강현대,660.9306122463913,간접역세권
2346,힐스테이트 백련산4차 아파트,772.1530636761833,간접역세권
2347,힐스테이트 서울숲 리버,865.6084063362405,간접역세권
2348,힐스테이트 송파위례아파트,1408.6750990226274,간접역세권
2349,힐스테이트강동리버뷰,405.34015366409346,역세권
2350,힐스테이트녹번,116.48072906162398,초역세권
2351,힐스테이트녹번역아파트,174.67852068069195,초역세권
2352,힐스테이트상도센트럴파크,236.19600442020024,초역세권
2353,힐스테이트상도프레스티지,510.4725775160338,간접역세권
2354,힐스테이트서초젠트리스,3409.8910759318164,역세권아님
2355,힐스테이트신촌,709.0978499803879,간접역세권
2356,힐스테이트청계,168.88762737370567,초역세권
2357,힐스테이트클래시안아파트,476.46807490744345,역세권
